,STATEFIPS,Total population,Number in poverty,Percent in poverty,YEAR
0,02,717000,72000,10.1,2023
1,04,7210000,861000,11.9,2023
2,05,3011000,416000,13.8,2023
3,06,38550000,4568000,11.9,2023
4,08,5876000,498000,8.5,2023
5,09,3620000,301000,8.3,2023
6,10,1034000,81000,7.8,2023
8,12,22630000,2622000,11.6,2023
9,13,11040000,1427000,12.9,2023
10,15,1415000,116000,8.2,2023
11,16,1957000,178000,9.1,2023
12,17,12540000,1224000,9.8,2023
13,18,6832000,566000,8.3,2023
14,19,3191000,254000,8,2023
15,20,2889000,254000,8.8,2023
16,21,4445000,603000,13.6,2023
17,22,4482000,964000,21.5,2023
18,23,1392000,103000,7.4,2023
19,24,6197000,550000,8.9,2023
20,25,6925000,632000,9.1,2023
21,26,9936000,1199000,12.1,2023
22,27,5779000,417000,7.2,2023
23,28,2896000,462000,16,2023
24,29,6070000,590000,9.7,2023
25,30,1132000,92000,8.1,2023
26,31,1966000,181000,9.2,2023
27,32,3234000,449000,13.9,2023
28,33,1365000,83000,6.1,2023
29,34,9240000,827000,9,2023
30,35,2082000,361000,17.3,2023
31,36,19240000,2122000,11,2023
32,37,10810000,1470000,13.6,2023
33,38,782000,77000,9.9,2023
34,39,11570000,1289000,11.1,2023
35,40,3942000,508000,12.9,2023
36,41,4233000,435000,10.3,2023
37,42,12630000,1301000,10.3,2023
38,44,1065000,95000,8.9,2023
39,45,5361000,629000,11.7,2023
40,46,890000,67000,7.5,2023
41,47,7093000,757000,10.7,2023
42,48,30260000,3709000,12.3,2023
43,49,3404000,214000,6.3,2023
44,50,635000,43000,6.7,2023
45,51,8649000,815000,9.4,2023
46,53,7888000,689000,8.7,2023
47,54,1744000,232000,13.3,2023
48,55,5750000,535000,9.3,2023
49,56,571000,54000,9.4,2023
50,02,708000,68000,9.6,2022
51,04,7239000,920000,12.7,2022
52,05,2993000,496000,16.6,2022
53,06,38690000,4346000,11.2,2022
54,08,5732000,465000,8.1,2022
55,09,3602000,368000,10.2,2022
56,10,1035000,97000,9.3,2022
58,12,22190000,2988000,13.5,2022
59,13,10920000,1280000,11.7,2022
60,15,1423000,126000,8.8,2022
61,16,1947000,159000,8.2,2022
62,17,12350000,1173000,9.5,2022
63,18,6792000,704000,10.4,2022
64,19,3183000,299000,9.4,2022
65,20,2846000,298000,10.5,2022
66,21,4453000,763000,17.1,2022
67,22,4519000,761000,16.9,2022
68,23,1381000,133000,9.6,2022
69,24,6202000,535000,8.6,2022
70,25,6860000,658000,9.6,2022
71,26,9961000,1206000,12.1,2022
72,27,5626000,427000,7.6,2022
73,28,2881000,531000,18.4,2022
74,29,6057000,693000,11.4,2022
75,30,1119000,117000,10.4,2022
76,31,1946000,154000,7.9,2022
77,32,3170000,380000,12,2022
78,33,1385000,115000,8.3,2022
79,34,9151000,799000,8.7,2022
80,35,2113000,427000,20.2,2022
81,36,19490000,2480000,12.7,2022
82,37,10740000,1525000,14.2,2022
83,38,764000,74000,9.7,2022
84,39,11620000,1154000,9.9,2022
85,40,3948000,665000,16.9,2022
86,41,4230000,419000,9.9,2022
87,42,12740000,1383000,10.9,2022
88,44,1069000,90000,8.4,2022
89,45,5262000,677000,12.9,2022
90,46,886000,80000,9.1,2022
91,47,7010000,736000,10.5,2022
92,48,29920000,4031000,13.5,2022
93,49,3338000,200000,6,2022
94,50,641000,58000,9,2022
95,51,8489000,704000,8.3,2022
96,53,7705000,696000,9,2022
97,54,1746000,270000,15.5,2022
98,55,5807000,386000,6.6,2022
99,56,562000,40000,7.1,2022
100,02,712000,81000,11.4,2021
101,04,7303000,922000,12.6,2021
102,05,2981000,502000,16.8,2021
103,06,38770000,4615000,11.9,2021
104,08,5724000,455000,7.9,2021
105,09,3553000,285000,8,2021
106,10,996000,117000,11.7,2021
108,12,21650000,2721000,12.6,2021
109,13,10670000,1490000,14,2021
110,15,1427000,156000,10.9,2021
111,16,1905000,177000,9.3,2021
112,17,12460000,1339000,10.7,2021
113,18,6778000,704000,10.4,2021
114,19,3182000,309000,9.7,2021
115,20,2891000,206000,7.1,2021
116,21,4459000,725000,16.2,2021
117,22,4519000,830000,18.4,2021
118,23,1354000,123000,9.1,2021
119,24,6095000,469000,7.7,2021
120,25,6841000,522000,7.6,2021
121,26,9842000,1147000,11.7,2021
122,27,5532000,382000,6.9,2021
123,28,2913000,506000,17.4,2021
124,29,6046000,742000,12.3,2021
125,30,1114000,120000,10.7,2021
126,31,1970000,159000,8.1,2021
127,32,3089000,397000,12.8,2021
128,33,1390000,96000,6.9,2021
129,34,9220000,698000,7.6,2021
130,35,2097000,377000,18,2021
131,36,19350000,2428000,12.5,2021
132,37,10600000,1249000,11.8,2021
133,38,760000,65000,8.5,2021
134,39,11740000,1364000,11.6,2021
135,40,3904000,589000,15.1,2021
136,41,4220000,389000,9.2,2021
137,42,12640000,1362000,10.8,2021
138,44,1087000,102000,9.4,2021
139,45,5214000,713000,13.7,2021
140,46,884000,74000,8.4,2021
141,47,6958000,740000,10.6,2021
142,48,29390000,3977000,13.5,2021
143,49,3333000,264000,7.9,2021
144,50,631000,47000,7.5,2021
145,51,8489000,831000,9.8,2021
146,53,7670000,587000,7.7,2021
147,54,1754000,296000,16.9,2021
148,55,5910000,551000,9.3,2021
149,56,568000,53000,9.4,2021
150,02,708000,95000,13.4,2020
151,04,7203000,783000,10.9,2020
152,05,2974000,420000,14.1,2020
153,06,39200000,4332000,11.1,2020
154,08,5717000,546000,9.5,2020
155,09,3545000,396000,11.2,2020
156,10,991000,104000,10.5,2020
158,12,21510000,2854000,13.3,2020
159,13,10560000,1399000,13.3,2020
160,15,1427000,155000,10.9,2020
161,16,1862000,170000,9.1,2020
162,17,12640000,1010000,8,2020
163,18,6685000,807000,12.1,2020
164,19,3163000,290000,9.2,2020
165,20,2891000,267000,9.3,2020
166,21,4454000,621000,13.9,2020
167,22,4545000,704000,15.5,2020
168,23,1366000,109000,8,2020
169,24,6077000,569000,9.4,2020
170,25,6943000,586000,8.4,2020
171,26,9891000,1112000,11.2,2020
172,27,5602000,476000,8.5,2020
173,28,2937000,516000,17.6,2020
174,29,6044000,647000,10.7,2020
175,30,1080000,118000,10.9,2020
176,31,1953000,162000,8.3,2020
177,32,3123000,404000,12.9,2020
178,33,1387000,87000,6.2,2020
179,34,9119000,744000,8.2,2020
180,35,2064000,343000,16.6,2020
181,36,19580000,2313000,11.8,2020
182,37,10410000,1441000,13.8,2020
183,38,761000,81000,10.7,2020
184,39,11700000,1487000,12.7,2020
185,40,3885000,604000,15.5,2020
186,41,4114000,387000,9.4,2020
187,42,12690000,1352000,10.7,2020
188,44,1086000,93000,8.5,2020
189,45,5110000,684000,13.4,2020
190,46,878000,102000,11.6,2020
191,47,6934000,912000,13.1,2020
192,48,28920000,4057000,14,2020
193,49,3272000,242000,7.4,2020
194,50,639000,55000,8.6,2020
195,51,8501000,663000,7.8,2020
196,53,7585000,625000,8.2,2020
197,54,1760000,249000,14.2,2020
198,55,5836000,466000,8,2020
199,56,561000,55000,9.7,2020
200,02,701000,72000,10.2,2019
201,04,7285000,725000,9.9,2019
202,05,2915000,412000,14.1,2019
203,06,39370000,3980000,10.1,2019
204,08,5768000,535000,9.3,2019
205,09,3490000,291000,8.3,2019
206,10,971000,63000,6.5,2019
208,12,21400000,2455000,11.5,2019
209,13,10350000,1249000,12.1,2019
210,15,1365000,115000,8.4,2019
211,16,1794000,127000,7.1,2019
212,17,12500000,1160000,9.3,2019
213,18,6691000,677000,10.1,2019
214,19,3137000,298000,9.5,2019
215,20,2813000,266000,9.5,2019
216,21,4399000,599000,13.6,2019
217,22,4563000,816000,17.9,2019
218,23,1340000,140000,10.4,2019
219,24,6067000,424000,7,2019
220,25,6897000,521000,7.5,2019
221,26,9901000,1007000,10.2,2019
222,27,5681000,322000,5.7,2019
223,28,2911000,560000,19.2,2019
224,29,6063000,568000,9.4,2019
225,30,1053000,102000,9.7,2019
226,31,1885000,165000,8.7,2019
227,32,3105000,323000,10.4,2019
228,33,1351000,49000,3.7,2019
229,34,8738000,554000,6.3,2019
230,35,2058000,315000,15.3,2019
231,36,19070000,2382000,12.5,2019
232,37,10470000,1324000,12.7,2019
233,38,749000,61000,8.1,2019
234,39,11510000,1424000,12.4,2019
235,40,3899000,422000,10.8,2019
236,41,4135000,336000,8.1,2019
237,42,12550000,1092000,8.7,2019
238,44,1047000,96000,9.2,2019
239,45,5144000,775000,15.1,2019
240,46,860000,91000,10.6,2019
241,47,6721000,879000,13.1,2019
242,48,28670000,3174000,11.1,2019
243,49,3232000,236000,7.3,2019
244,50,615000,53000,8.6,2019
245,51,8335000,737000,8.8,2019
246,53,7549000,527000,7,2019
247,54,1745000,242000,13.9,2019
248,55,5730000,479000,8.4,2019
249,56,565000,52000,9.2,2019
250,02,720000,94000,13.1,2018
251,04,7241000,929000,12.8,2018
252,05,2912000,462000,15.9,2018
253,06,39150000,4664000,11.9,2018
254,08,5739000,521000,9.1,2018
255,09,3413000,348000,10.2,2018
256,10,976000,72000,7.4,2018
258,12,21120000,2883000,13.7,2018
259,13,10420000,1548000,14.8,2018
260,15,1393000,128000,9.2,2018
261,16,1766000,202000,11.5,2018
262,17,12590000,1292000,10.3,2018
263,18,6582000,761000,11.6,2018
264,19,3110000,277000,8.9,2018
265,20,2835000,212000,7.5,2018
266,21,4445000,696000,15.7,2018
267,22,4510000,858000,19,2018
268,23,1321000,153000,11.6,2018
269,24,6030000,480000,8,2018
270,25,6883000,601000,8.7,2018
271,26,9913000,1036000,10.5,2018
272,27,5746000,456000,7.9,2018
273,28,2899000,567000,19.6,2018
274,29,6026000,745000,12.4,2018
275,30,1041000,107000,10.3,2018
276,31,1893000,199000,10.5,2018
277,32,3008000,390000,13,2018
278,33,1349000,82000,6.1,2018
279,34,8790000,725000,8.2,2018
280,35,2054000,342000,16.6,2018
281,36,19340000,2145000,11.1,2018
282,37,10370000,1355000,13.1,2018
283,38,745000,72000,9.7,2018
284,39,11450000,1365000,11.9,2018
285,40,3858000,518000,13.4,2018
286,41,4172000,404000,9.7,2018
287,42,12520000,1476000,11.8,2018
288,44,1036000,92000,8.9,2018
289,45,5036000,642000,12.8,2018
290,46,853000,90000,10.6,2018
291,47,6665000,800000,12,2018
292,48,28500000,3894000,13.7,2018
293,49,3173000,219000,6.9,2018
294,50,616000,60000,9.7,2018
295,51,8393000,821000,9.8,2018
296,53,7555000,647000,8.6,2018
297,54,1762000,279000,15.9,2018
298,55,5795000,499000,8.6,2018
299,56,565000,53000,9.5,2018
300,02,719000,87000,12.1,2017
301,04,6981000,951000,13.6,2017
302,05,2921000,436000,14.9,2017
303,06,39250000,4759000,12.1,2017
304,08,5527000,489000,8.9,2017
305,09,3553000,377000,10.6,2017
306,10,967000,85000,8.8,2017
308,12,20910000,2809000,13.4,2017
309,13,10230000,1339000,13.1,2017
310,15,1402000,149000,10.6,2017
311,16,1730000,199000,11.5,2017
312,17,12600000,1454000,11.5,2017
313,18,6532000,762000,11.7,2017
314,19,3053000,230000,7.5,2017
315,20,2868000,411000,14.3,2017
316,21,4395000,591000,13.5,2017
317,22,4535000,931000,20.5,2017
318,23,1315000,163000,12.4,2017
319,24,5977000,451000,7.6,2017
320,25,6784000,763000,11.2,2017
321,26,9895000,1135000,11.5,2017
322,27,5619000,479000,8.5,2017
323,28,2948000,544000,18.5,2017
324,29,5988000,683000,11.4,2017
325,30,1041000,107000,10.3,2017
326,31,1878000,216000,11.5,2017
327,32,2979000,392000,13.2,2017
328,33,1333000,95000,7.2,2017
329,34,9015000,894000,9.9,2017
330,35,2035000,402000,19.7,2017
331,36,19740000,2510000,12.7,2017
332,37,10300000,1567000,15.2,2017
333,38,740000,92000,12.4,2017
334,39,11490000,1479000,12.9,2017
335,40,3817000,490000,12.8,2017
336,41,4202000,482000,11.5,2017
337,42,12570000,1373000,10.9,2017
338,44,1046000,118000,11.3,2017
339,45,4955000,756000,15.2,2017
340,46,870000,93000,10.7,2017
341,47,6699000,759000,11.3,2017
342,48,28090000,3715000,13.2,2017
343,49,3130000,272000,8.7,2017
344,50,613000,53000,8.6,2017
345,51,8242000,862000,10.5,2017
346,53,7425000,810000,10.9,2017
347,54,1793000,306000,17.1,2017
348,55,5809000,537000,9.2,2017
349,56,560000,73000,13,2017
350,02,717000,103000,14.4,2017
351,04,6990000,926000,13.2,2017
352,05,2924000,432000,14.8,2017
353,06,39240000,4872000,12.4,2017
354,08,5527000,427000,7.7,2017
355,09,3555000,388000,10.9,2017
356,10,967000,89000,9.2,2017
358,12,20890000,2864000,13.7,2017
359,13,10230000,1356000,13.3,2017
360,15,1402000,144000,10.3,2017
361,16,1732000,202000,11.7,2017
362,17,12600000,1379000,10.9,2017
363,18,6533000,748000,11.4,2017
364,19,3054000,278000,9.1,2017
365,20,2870000,421000,14.7,2017
366,21,4401000,633000,14.4,2017
367,22,4538000,970000,21.4,2017
368,23,1317000,158000,12,2017
369,24,5967000,467000,7.8,2017
370,25,6796000,724000,10.6,2017
371,26,9889000,1259000,12.7,2017
372,27,5619000,519000,9.2,2017
373,28,2947000,538000,18.3,2017
374,29,5979000,666000,11.1,2017
375,30,1039000,101000,9.7,2017
376,31,1875000,194000,10.4,2017
377,32,2982000,409000,13.7,2017
378,33,1334000,88000,6.6,2017
379,34,9007000,774000,8.6,2017
380,35,2040000,380000,18.6,2017
381,36,19730000,2641000,13.4,2017
382,37,10290000,1494000,14.5,2017
383,38,742000,84000,11.3,2017
384,39,11500000,1458000,12.7,2017
385,40,3817000,482000,12.6,2017
386,41,4199000,430000,10.2,2017
387,42,12570000,1411000,11.2,2017
388,44,1045000,127000,12.2,2017
389,45,4959000,773000,15.6,2017
390,46,871000,91000,10.4,2017
391,47,6699000,769000,11.5,2017
392,48,28080000,3768000,13.4,2017
393,49,3127000,269000,8.6,2017
394,50,613000,63000,10.2,2017
395,51,8249000,847000,10.3,2017
396,53,7431000,736000,9.9,2017
397,54,1794000,311000,17.3,2017
398,55,5808000,551000,9.5,2017
399,56,560000,70000,12.4,2017
400,02,708000,89000,12.6,2016
401,04,6878000,1108000,16.1,2016
402,05,2941000,471000,16,2016
403,06,39140000,5435000,13.9,2016
404,08,5502000,467000,8.5,2016
405,09,3567000,351000,9.8,2016
406,10,947000,110000,11.6,2016
408,12,20520000,2659000,13,2016
409,13,10270000,1580000,15.4,2016
410,15,1392000,129000,9.3,2016
411,16,1679000,187000,11.1,2016
412,17,12580000,1517000,12.1,2016
413,18,6493000,768000,11.8,2016
414,19,3099000,302000,9.8,2016
415,20,2859000,321000,11.2,2016
416,21,4383000,667000,15.2,2016
417,22,4573000,923000,20.2,2016
418,23,1317000,167000,12.7,2016
419,24,5930000,424000,7.1,2016
420,25,6775000,649000,9.6,2016
421,26,9875000,1091000,11.1,2016
422,27,5430000,470000,8.7,2016
423,28,2943000,622000,21.1,2016
424,29,5878000,762000,13,2016
425,30,1031000,121000,11.7,2016
426,31,1870000,179000,9.6,2016
427,32,2941000,298000,10.1,2016
428,33,1316000,84000,6.4,2016
429,34,8836000,828000,9.4,2016
430,35,2043000,364000,17.8,2016
431,36,19460000,2314000,11.9,2016
432,37,10060000,1363000,13.6,2016
433,38,749000,83000,11.1,2016
434,39,11440000,1573000,13.7,2016
435,40,3911000,571000,14.6,2016
436,41,4124000,486000,11.8,2016
437,42,12530000,1396000,11.1,2016
438,44,1052000,119000,11.4,2016
439,45,4898000,690000,14.1,2016
440,46,855000,124000,14.5,2016
441,47,6652000,988000,14.9,2016
442,48,27660000,3812000,13.8,2016
443,49,3077000,264000,8.6,2016
444,50,622000,60000,9.6,2016
445,51,8163000,929000,11.4,2016
446,53,7289000,800000,11,2016
447,54,1808000,326000,18,2016
448,55,5764000,620000,10.7,2016
449,56,571000,62000,10.9,2016
450,02,703000,65000,9.2,2015
451,04,6728000,1156000,17.2,2015
452,05,2951000,475000,16.1,2015
453,06,39080000,5441000,13.9,2015
454,08,5420000,538000,9.9,2015
455,09,3572000,324000,9.1,2015
456,10,958000,106000,11.1,2015
458,12,20070000,3253000,16.2,2015
459,13,10100000,1833000,18.1,2015
460,15,1382000,151000,10.9,2015
461,16,1657000,204000,12.3,2015
462,17,12680000,1380000,10.9,2015
463,18,6502000,880000,13.5,2015
464,19,3100000,321000,10.4,2015
465,20,2849000,404000,14.2,2015
466,21,4365000,851000,19.5,2015
467,22,4599000,854000,18.6,2015
468,23,1340000,165000,12.3,2015
469,24,5892000,566000,9.6,2015
470,25,6777000,782000,11.5,2015
471,26,9852000,1259000,12.8,2015
472,27,5458000,428000,7.8,2015
473,28,2947000,563000,19.1,2015
474,29,5946000,582000,9.8,2015
475,30,1018000,121000,11.9,2015
476,31,1858000,192000,10.3,2015
477,32,2864000,371000,13,2015
478,33,1293000,94000,7.3,2015
479,34,8936000,1004000,11.2,2015
480,35,2036000,400000,19.7,2015
481,36,19650000,2791000,14.2,2015
482,37,9887000,1509000,15.3,2015
483,38,763000,82000,10.7,2015
484,39,11440000,1550000,13.6,2015
485,40,3887000,551000,14.2,2015
486,41,4029000,478000,11.9,2015
487,42,12560000,1542000,12.3,2015
488,44,1044000,123000,11.8,2015
489,45,4790000,683000,14.3,2015
490,46,848000,118000,13.9,2015
491,47,6605000,973000,14.7,2015
492,48,27400000,4036000,14.7,2015
493,49,3004000,279000,9.3,2015
494,50,609000,65000,10.7,2015
495,51,8216000,894000,10.9,2015
496,53,7193000,819000,11.4,2015
497,54,1795000,261000,14.5,2015
498,55,5736000,654000,11.4,2015
499,56,574000,56000,9.8,2015
500,02,694000,82000,11.9,2014
501,04,6657000,1409000,21.2,2014
502,05,2891000,532000,18.4,2014
503,06,38670000,6112000,15.8,2014
504,08,5376000,661000,12.3,2014
505,09,3577000,308000,8.6,2014
506,10,929000,103000,11,2014
508,12,19690000,3282000,16.7,2014
509,13,9948000,1676000,16.8,2014
510,15,1365000,147000,10.8,2014
511,16,1606000,199000,12.4,2014
512,17,12770000,1756000,13.7,2014
513,18,6470000,948000,14.6,2014
514,19,3078000,317000,10.3,2014
515,20,2851000,345000,12.1,2014
516,21,4299000,861000,20,2014
517,22,4550000,1049000,23.1,2014
518,23,1300000,190000,14.6,2014
519,24,5934000,584000,9.8,2014
520,25,6653000,902000,13.6,2014
521,26,9893000,1462000,14.8,2014
522,27,5417000,447000,8.3,2014
523,28,2961000,654000,22.1,2014
524,29,5950000,620000,10.4,2014
525,30,1008000,121000,12,2014
526,31,1873000,221000,11.8,2014
527,32,2819000,478000,17,2014
528,33,1318000,95000,7.2,2014
529,34,8938000,1013000,11.3,2014
530,35,2030000,406000,20,2014
531,36,19660000,2755000,14,2014
532,37,9823000,1678000,17.1,2014
533,38,731000,71000,9.7,2014
534,39,11510000,1792000,15.6,2014
535,40,3728000,647000,17.3,2014
536,41,3955000,570000,14.4,2014
537,42,12620000,1581000,12.5,2014
538,44,1046000,119000,11.3,2014
539,45,4764000,788000,16.5,2014
540,46,846000,109000,12.8,2014
541,47,6496000,1122000,17.3,2014
542,48,26680000,4364000,16.4,2014
543,49,2928000,298000,10.2,2014
544,50,615000,57000,9.3,2014
545,51,8257000,842000,10.2,2014
546,53,7079000,852000,12,2014
547,54,1822000,376000,20.6,2014
548,55,5742000,628000,10.9,2014
549,56,572000,55000,9.7,2014
550,02,696000,67000,9.7,2013
551,04,6532000,1163000,17.8,2013
552,05,2852000,395000,13.9,2013
553,06,38210000,5754000,15.1,2013
554,08,5303000,569000,10.7,2013
555,09,3637000,396000,10.9,2013
556,10,912000,102000,11.2,2013
558,12,19460000,2882000,14.8,2013
559,13,9848000,1825000,18.5,2013
560,15,1338000,142000,10.6,2013
561,16,1610000,200000,12.4,2013
562,17,12650000,1720000,13.6,2013
563,18,6557000,1083000,16.5,2013
564,19,3076000,405000,13.2,2013
565,20,2760000,315000,11.4,2013
566,21,4501000,991000,22,2013
567,22,4534000,963000,21.2,2013
568,23,1330000,151000,11.4,2013
569,24,5946000,623000,10.5,2013
570,25,6735000,818000,12.1,2013
571,26,10070000,1277000,12.7,2013
572,27,5349000,589000,11,2013
573,28,2895000,554000,19.1,2013
574,29,5955000,1041000,17.5,2013
575,30,980000,103000,10.5,2013
576,31,1868000,196000,10.5,2013
577,32,2774000,401000,14.5,2013
578,33,1301000,71000,5.5,2013
579,34,8728000,861000,9.9,2013
580,35,2079000,535000,25.8,2013
581,36,19340000,3337000,17.3,2013
582,37,9672000,1419000,14.7,2013
583,38,716000,94000,13.2,2013
584,39,11280000,1684000,14.9,2013
585,40,3697000,785000,21.2,2013
586,41,3969000,556000,14,2013
587,42,12800000,1432000,11.2,2013
588,44,1032000,96000,9.3,2013
589,45,4676000,904000,19.3,2013
590,46,827000,110000,13.3,2013
591,47,6272000,972000,15.5,2013
592,48,26200000,4422000,16.9,2013
593,49,2923000,357000,12.2,2013
594,50,629000,43000,6.8,2013
595,51,8230000,805000,9.8,2013
596,53,6877000,836000,12.2,2013
597,54,1805000,358000,19.8,2013
598,55,5615000,756000,13.5,2013
599,56,592000,68000,11.4,2013
600,02,696000,76000,10.9,2013
601,04,6645000,1345000,20.2,2013
602,05,2940000,504000,17.1,2013
603,06,38050000,5675000,14.9,2013
604,08,5289000,560000,10.6,2013
605,09,3545000,400000,11.3,2013
606,10,907000,127000,14,2013
608,12,19370000,2888000,14.9,2013
609,13,9787000,1592000,16.3,2013
610,15,1368000,152000,11.1,2013
611,16,1592000,205000,12.9,2013
612,17,12780000,1695000,13.3,2013
613,18,6398000,743000,11.6,2013
614,19,3066000,330000,10.8,2013
615,20,2830000,373000,13.2,2013
616,21,4360000,871000,20,2013
617,22,4504000,863000,19.2,2013
618,23,1310000,161000,12.3,2013
619,24,5933000,611000,10.3,2013
620,25,6570000,784000,11.9,2013
621,26,9840000,1428000,14.5,2013
622,27,5398000,649000,12,2013
623,28,2918000,657000,22.5,2013
624,29,5997000,824000,13.7,2013
625,30,998000,145000,14.5,2013
626,31,1838000,202000,11,2013
627,32,2760000,480000,17.4,2013
628,33,1317000,119000,9,2013
629,34,8842000,984000,11.1,2013
630,35,2099000,454000,21.7,2013
631,36,19490000,2825000,14.5,2013
632,37,9619000,1793000,18.6,2013
633,38,711000,71000,9.9,2013
634,39,11470000,1571000,13.7,2013
635,40,3708000,518000,14,2013
636,41,3934000,593000,15.1,2013
637,42,12740000,1576000,12.4,2013
638,44,1048000,142000,13.5,2013
639,45,4679000,745000,15.9,2013
640,46,833000,85000,10.3,2013
641,47,6453000,1170000,18.1,2013
642,48,26380000,4425000,16.8,2013
643,49,2877000,239000,8.3,2013
644,50,619000,54000,8.7,2013
645,51,8174000,854000,10.4,2013
646,53,6854000,819000,12,2013
647,54,1823000,315000,17.3,2013
648,55,5625000,618000,11,2013
649,56,578000,68000,11.8,2013
650,02,702000,70000,10,2012
651,04,6642000,1260000,19,2012
652,05,2909000,584000,20.1,2012
653,06,37910000,6015000,15.9,2012
654,08,5153000,613000,11.9,2012
655,09,3517000,363000,10.3,2012
656,10,900000,121000,13.5,2012
658,12,19170000,2926000,15.3,2012
659,13,9665000,1752000,18.1,2012
660,15,1356000,188000,13.8,2012
661,16,1588000,229000,14.4,2012
662,17,12730000,1608000,12.6,2012
663,18,6343000,964000,15.2,2012
664,19,3010000,310000,10.3,2012
665,20,2828000,397000,14,2012
666,21,4342000,776000,17.9,2012
667,22,4465000,944000,21.1,2012
668,23,1330000,170000,12.8,2012
669,24,5892000,585000,9.9,2012
670,25,6566000,743000,11.3,2012
671,26,9731000,1331000,13.7,2012
672,27,5353000,534000,10,2012
673,28,2893000,636000,22,2012
674,29,5956000,905000,15.2,2012
675,30,999000,134000,13.4,2012
676,31,1849000,226000,12.2,2012
677,32,2735000,433000,15.8,2012
678,33,1308000,106000,8.1,2012
679,34,8720000,814000,9.3,2012
680,35,2064000,420000,20.4,2012
681,36,19300000,3328000,17.2,2012
682,37,9634000,1652000,17.2,2012
683,38,692000,79000,11.4,2012
684,39,11400000,1751000,15.4,2012
685,40,3700000,668000,18,2012
686,41,3872000,523000,13.5,2012
687,42,12660000,1756000,13.9,2012
688,44,1034000,141000,13.6,2012
689,45,4667000,779000,16.7,2012
690,46,822000,106000,12.8,2012
691,47,6422000,1194000,18.6,2012
692,48,26060000,4444000,17,2012
693,49,2849000,312000,11,2012
694,50,615000,69000,11.2,2012
695,51,7994000,850000,10.6,2012
696,53,6856000,796000,11.6,2012
697,54,1803000,301000,16.7,2012
698,55,5628000,640000,11.4,2012
699,56,577000,56000,9.6,2012
700,02,712000,83000,11.7,2011
701,04,6547000,1128000,17.2,2011
702,05,2909000,545000,18.7,2011
703,06,37590000,6352000,16.9,2011
704,08,5016000,661000,13.2,2011
705,09,3514000,356000,10.1,2011
706,10,902000,123000,13.7,2011
708,12,18990000,2822000,14.9,2011
709,13,9681000,1783000,18.4,2011
710,15,1337000,162000,12.1,2011
711,16,1574000,248000,15.7,2011
712,17,12700000,1807000,14.2,2011
713,18,6344000,989000,15.6,2011
714,19,3027000,315000,10.4,2011
715,20,2807000,402000,14.3,2011
716,21,4302000,689000,16,2011
717,22,4494000,947000,21.1,2011
718,23,1328000,178000,13.4,2011
719,24,5806000,537000,9.3,2011
720,25,6514000,688000,10.6,2011
721,26,9689000,1449000,15,2011
722,27,5276000,528000,10,2011
723,28,2932000,510000,17.4,2011
724,29,5892000,910000,15.4,2011
725,30,986000,163000,16.5,2011
726,31,1823000,187000,10.2,2011
727,32,2682000,414000,15.5,2011
728,33,1300000,99000,7.6,2011
729,34,8642000,988000,11.4,2011
730,35,2037000,451000,22.2,2011
731,36,19330000,3085000,16,2011
732,37,9504000,1459000,15.4,2011
733,38,675000,67000,9.9,2011
734,39,11310000,1708000,15.1,2011
735,40,3763000,522000,13.9,2011
736,41,3850000,553000,14.4,2011
737,42,12700000,1604000,12.6,2011
738,44,1038000,139000,13.4,2011
739,45,4605000,874000,19,2011
740,46,808000,117000,14.5,2011
741,47,6324000,1030000,16.3,2011
742,48,25550000,4458000,17.4,2011
743,49,2812000,309000,11,2011
744,50,615000,71000,11.6,2011
745,51,7971000,907000,11.4,2011
746,53,6812000,854000,12.5,2011
747,54,1820000,318000,17.5,2011
748,55,5676000,743000,13.1,2011
749,56,562000,60000,10.7,2011
750,02,695000,87000,12.5,2010
751,04,6426000,1208000,18.8,2010
752,05,2879000,440000,15.3,2010
753,06,37240000,6073000,16.3,2010
754,08,4995000,615000,12.3,2010
755,09,3541000,303000,8.6,2010
756,10,890000,109000,12.2,2010
758,12,18760000,3006000,16,2010
759,13,9650000,1814000,18.8,2010
760,15,1311000,162000,12.4,2010
761,16,1543000,213000,13.8,2010
762,17,12780000,1798000,14.1,2010
763,18,6390000,1041000,16.3,2010
764,19,2977000,307000,10.3,2010
765,20,2766000,400000,14.5,2010
766,21,4270000,754000,17.7,2010
767,22,4418000,949000,21.5,2010
768,23,1298000,164000,12.6,2010
769,24,5786000,628000,10.9,2010
770,25,6532000,711000,10.9,2010
771,26,9751000,1530000,15.7,2010
772,27,5217000,563000,10.8,2010
773,28,2920000,658000,22.5,2010
774,29,5929000,890000,15,2010
775,30,979000,142000,14.5,2010
776,31,1804000,184000,10.2,2010
777,32,2696000,446000,16.6,2010
778,33,1294000,84000,6.5,2010
779,34,8733000,966000,11.1,2010
780,35,2033000,372000,18.3,2010
781,36,19120000,3062000,16,2010
782,37,9359000,1633000,17.4,2010
783,38,653000,82000,12.6,2010
784,39,11340000,1746000,15.4,2010
785,40,3697000,603000,16.3,2010
786,41,3752000,537000,14.3,2010
787,42,12530000,1535000,12.2,2010
788,44,1042000,146000,14,2010
789,45,4563000,773000,16.9,2010
790,46,799000,109000,13.6,2010
791,47,6315000,1052000,16.7,2010
792,48,25200000,4633000,18.4,2010
793,49,2768000,278000,10,2010
794,50,624000,67000,10.8,2010
795,51,7837000,835000,10.7,2010
796,53,6713000,779000,11.6,2010
797,54,1816000,306000,16.8,2010
798,55,5626000,567000,10.1,2010
799,56,550000,53000,9.6,2010
800,02,688000,81000,11.7,2009
801,04,6508000,1381000,21.2,2009
802,05,2846000,538000,18.9,2009
803,06,36740000,5638000,15.3,2009
804,08,4969000,613000,12.3,2009
805,09,3472000,292000,8.4,2009
806,10,883000,109000,12.3,2009
808,12,18390000,2676000,14.6,2009
809,13,9657000,1775000,18.4,2009
810,15,1250000,156000,12.5,2009
811,16,1524000,209000,13.7,2009
812,17,12760000,1690000,13.2,2009
813,18,6342000,1023000,16.1,2009
814,19,2987000,319000,10.7,2009
815,20,2737000,374000,13.7,2009
816,21,4276000,727000,17,2009
817,22,4450000,636000,14.3,2009
818,23,1297000,148000,11.4,2009
819,24,5662000,543000,9.6,2009
820,25,6623000,717000,10.8,2009
821,26,9797000,1376000,14,2009
822,27,5200000,576000,11.1,2009
823,28,2847000,658000,23.1,2009
824,29,5963000,926000,15.5,2009
825,30,971000,131000,13.5,2009
826,31,1778000,176000,9.9,2009
827,32,2629000,343000,13,2009
828,33,1313000,103000,7.8,2009
829,34,8660000,806000,9.3,2009
830,35,1971000,381000,19.3,2009
831,36,19160000,3018000,15.8,2009
832,37,9336000,1576000,16.9,2009
833,38,632000,69000,10.9,2009
834,39,11440000,1526000,13.3,2009
835,40,3632000,468000,12.9,2009
836,41,3821000,510000,13.4,2009
837,42,12400000,1376000,11.1,2009
838,44,1030000,134000,13,2009
839,45,4501000,618000,13.7,2009
840,46,799000,113000,14.1,2009
841,47,6240000,1031000,16.5,2009
842,48,24630000,4262000,17.3,2009
843,49,2794000,270000,9.7,2009
844,50,617000,58000,9.4,2009
845,51,7767000,831000,10.7,2009
846,53,6697000,781000,11.7,2009
847,54,1801000,285000,15.8,2009
848,55,5545000,599000,10.8,2009
849,56,540000,50000,9.2,2009
850,02,672000,55000,8.2,2008
851,04,6529000,1172000,18,2008
852,05,2822000,431000,15.3,2008
853,06,36640000,5344000,14.6,2008
854,08,4908000,541000,11,2008
855,09,3433000,276000,8.1,2008
856,10,861000,82000,9.6,2008
858,12,18020000,2370000,13.1,2008
859,13,9541000,1477000,15.5,2008
860,15,1255000,125000,9.9,2008
861,16,1515000,185000,12.2,2008
862,17,12690000,1564000,12.3,2008
863,18,6288000,901000,14.3,2008
864,19,2986000,285000,9.5,2008
865,20,2716000,346000,12.7,2008
866,21,4246000,724000,17.1,2008
867,22,4326000,788000,18.2,2008
868,23,1317000,158000,12,2008
869,24,5528000,481000,8.7,2008
870,25,6420000,727000,11.3,2008
871,26,9806000,1273000,13,2008
872,27,5120000,506000,9.9,2008
873,28,2900000,525000,18.1,2008
874,29,5861000,780000,13.3,2008
875,30,973000,125000,12.9,2008
876,31,1774000,188000,10.6,2008
877,32,2581000,278000,10.8,2008
878,33,1300000,91000,7,2008
879,34,8515000,787000,9.2,2008
880,35,1977000,381000,19.3,2008
881,36,19310000,2734000,14.2,2008
882,37,9234000,1285000,13.9,2008
883,38,625000,74000,11.8,2008
884,39,11390000,1557000,13.7,2008
885,40,3550000,484000,13.6,2008
886,41,3806000,403000,10.6,2008
887,42,12180000,1335000,11,2008
888,44,1042000,132000,12.7,2008
889,45,4462000,624000,14,2008
890,46,794000,104000,13.1,2008
891,47,6163000,924000,15,2008
892,48,24170000,3834000,15.9,2008
893,49,2754000,209000,7.6,2008
894,50,610000,55000,9,2008
895,51,7735000,799000,10.3,2008
896,53,6526000,680000,10.4,2008
897,54,1796000,260000,14.5,2008
898,55,5548000,544000,9.8,2008
899,56,529000,54000,10.1,2008
900,02,675000,51000,7.6,2007
901,04,6365000,912000,14.3,2007
902,05,2803000,387000,13.8,2007
903,06,36250000,4589000,12.7,2007
904,08,4872000,478000,9.8,2007
905,09,3471000,309000,8.9,2007
906,10,861000,80000,9.3,2007
908,12,18040000,2250000,12.5,2007
909,13,9486000,1294000,13.6,2007
910,15,1264000,94000,7.5,2007
911,16,1501000,149000,9.9,2007
912,17,12680000,1262000,10,2007
913,18,6258000,740000,11.8,2007
914,19,2965000,264000,8.9,2007
915,20,2720000,319000,11.7,2007
916,21,4202000,653000,15.5,2007
917,22,4186000,673000,16.1,2007
918,23,1312000,142000,10.9,2007
919,24,5560000,491000,8.8,2007
920,25,6336000,707000,11.2,2007
921,26,9919000,1076000,10.8,2007
922,27,5188000,482000,9.3,2007
923,28,2895000,655000,22.6,2007
924,29,5783000,742000,12.8,2007
925,30,938000,122000,13,2007
926,31,1751000,174000,9.9,2007
927,32,2566000,250000,9.7,2007
928,33,1312000,76000,5.8,2007
929,34,8548000,742000,8.7,2007
930,35,1941000,271000,14,2007
931,36,19020000,2757000,14.5,2007
932,37,9170000,1423000,15.5,2007
933,38,614000,57000,9.3,2007
934,39,11280000,1446000,12.8,2007
935,40,3551000,476000,13.4,2007
936,41,3761000,481000,12.8,2007
937,42,12300000,1273000,10.4,2007
938,44,1042000,99000,9.5,2007
939,45,4380000,617000,14.1,2007
940,46,787000,74000,9.4,2007
941,47,6137000,906000,14.8,2007
942,48,23650000,3903000,16.5,2007
943,49,2651000,255000,9.6,2007
944,50,613000,61000,9.9,2007
945,51,7678000,664000,8.6,2007
946,53,6503000,661000,10.2,2007
947,54,1793000,265000,14.8,2007
948,55,5458000,601000,11,2007
949,56,518000,56000,10.9,2007
950,02,658000,58000,8.9,2006
951,04,6256000,902000,14.4,2006
952,05,2748000,487000,17.7,2006
953,06,36160000,4427000,12.2,2006
954,08,4797000,466000,9.7,2006
955,09,3457000,275000,8,2006
956,10,858000,80000,9.3,2006
958,12,18030000,2068000,11.5,2006
959,13,9334000,1172000,12.6,2006
960,15,1254000,116000,9.2,2006
961,16,1472000,141000,9.5,2006
962,17,12630000,1338000,10.6,2006
963,18,6334000,674000,10.6,2006
964,19,2913000,301000,10.3,2006
965,20,2719000,349000,12.8,2006
966,21,4106000,690000,16.8,2006
967,22,4206000,713000,17,2006
968,23,1313000,134000,10.2,2006
969,24,5607000,469000,8.4,2006
970,25,6324000,758000,12,2006
971,26,9953000,1323000,13.3,2006
972,27,5145000,422000,8.2,2006
973,28,2887000,596000,20.6,2006
974,29,5797000,659000,11.4,2006
975,30,930000,125000,13.5,2006
976,31,1765000,180000,10.2,2006
977,32,2530000,241000,9.5,2006
978,33,1308000,71000,5.4,2006
979,34,8650000,762000,8.8,2006
980,35,1939000,328000,16.9,2006
981,36,19020000,2668000,14,2006
982,37,8847000,1225000,13.8,2006
983,38,615000,70000,11.4,2006
984,39,11300000,1371000,12.1,2006
985,40,3489000,531000,15.2,2006
986,41,3705000,439000,11.8,2006
987,42,12330000,1397000,11.3,2006
988,44,1054000,110000,10.5,2006
989,45,4224000,474000,11.2,2006
990,46,770000,82000,10.7,2006
991,47,5916000,879000,14.9,2006
992,48,23210000,3816000,16.4,2006
993,49,2536000,235000,9.3,2006
994,50,618000,48000,7.8,2006
995,51,7532000,651000,8.6,2006
996,53,6310000,502000,8,2006
997,54,1810000,277000,15.3,2006
998,55,5471000,555000,10.1,2006
999,56,516000,51000,10,2006
1000,02,657000,66000,10,2005
1001,04,6025000,917000,15.2,2005
1002,05,2756000,382000,13.8,2005
1003,06,35840000,4716000,13.2,2005
1004,08,4629000,530000,11.4,2005
1005,09,3483000,326000,9.3,2005
1006,10,842000,78000,9.2,2005
1008,12,17850000,1975000,11.1,2005
1009,13,9014000,1298000,14.4,2005
1010,15,1274000,110000,8.6,2005
1011,16,1441000,143000,9.9,2005
1012,17,12570000,1441000,11.5,2005
1013,18,6131000,774000,12.6,2005
1014,19,2902000,327000,11.3,2005
1015,20,2693000,337000,12.5,2005
1016,21,4049000,599000,14.8,2005
1017,22,4086000,748000,18.3,2005
1018,23,1314000,166000,12.6,2005
1019,24,5560000,542000,9.7,2005
1020,25,6318000,641000,10.1,2005
1021,26,9964000,1196000,12,2005
1022,27,5113000,412000,8.1,2005
1023,28,2843000,571000,20.1,2005
1024,29,5697000,659000,11.6,2005
1025,30,926000,128000,13.8,2005
1026,31,1760000,167000,9.5,2005
1027,32,2447000,260000,10.6,2005
1028,33,1298000,73000,5.6,2005
1029,34,8692000,592000,6.8,2005
1030,35,1938000,347000,17.9,2005
1031,36,19000000,2760000,14.5,2005
1032,37,8538000,1115000,13.1,2005
1033,38,625000,70000,11.2,2005
1034,39,11310000,1392000,12.3,2005
1035,40,3486000,543000,15.6,2005
1036,41,3619000,436000,12,2005
1037,42,12240000,1372000,11.2,2005
1038,44,1052000,127000,12.1,2005
1039,45,4164000,626000,15,2005
1040,46,765000,90000,11.8,2005
1041,47,5853000,872000,14.9,2005
1042,48,22780000,3681000,16.2,2005
1043,49,2521000,232000,9.2,2005
1044,50,621000,47000,7.6,2005
1045,51,7442000,684000,9.2,2005
1046,53,6237000,636000,10.2,2005
1047,54,1795000,276000,15.4,2005
1048,55,5440000,553000,10.2,2005
1049,56,509000,54000,10.6,2005
1050,02,648000,59000,9.1,2004
1051,04,5763000,830000,14.4,2004
1052,05,2723000,412000,15.1,2004
1053,06,35770000,4724000,13.2,2004
1054,08,4517000,450000,10,2004
1055,09,3487000,352000,10.1,2004
1056,10,825000,74000,9,2004
1058,12,17420000,2028000,11.6,2004
1059,13,8700000,1132000,13,2004
1060,15,1244000,106000,8.6,2004
1061,16,1372000,136000,9.9,2004
1062,17,12560000,1546000,12.3,2004
1063,18,6121000,712000,11.6,2004
1064,19,2901000,316000,10.9,2004
1065,20,2669000,304000,11.4,2004
1066,21,4068000,723000,17.8,2004
1067,22,4419000,744000,16.8,2004
1068,23,1290000,149000,11.6,2004
1069,24,5539000,550000,9.9,2004
1070,25,6363000,594000,9.3,2004
1071,26,9939000,1318000,13.3,2004
1072,27,5120000,356000,7,2004
1073,28,2862000,536000,18.7,2004
1074,29,5609000,686000,12.2,2004
1075,30,908000,129000,14.2,2004
1076,31,1724000,163000,9.5,2004
1077,32,2385000,260000,10.9,2004
1078,33,1291000,71000,5.5,2004
1079,34,8652000,693000,8,2004
1080,35,1899000,314000,16.5,2004
1081,36,19010000,2847000,15,2004
1082,37,8421000,1229000,14.6,2004
1083,38,627000,61000,9.7,2004
1084,39,11260000,1304000,11.6,2004
1085,40,3444000,373000,10.8,2004
1086,41,3572000,421000,11.8,2004
1087,42,12140000,1383000,11.4,2004
1088,44,1055000,122000,11.5,2004
1089,45,4120000,615000,14.9,2004
1090,46,751000,102000,13.5,2004
1091,47,5846000,932000,15.9,2004
1092,48,22290000,3669000,16.5,2004
1093,49,2390000,241000,10.1,2004
1094,50,616000,48000,7.8,2004
1095,51,7369000,693000,9.4,2004
1096,53,6116000,700000,11.4,2004
1097,54,1791000,254000,14.2,2004
1098,55,5456000,676000,12.4,2004
1099,56,496000,50000,10,2004
1100,02,643000,62000,9.6,2003
1101,04,5558000,749000,13.5,2003
1102,05,2670000,474000,17.8,2003
1103,06,35310000,4634000,13.1,2003
1104,08,4478000,436000,9.7,2003
1105,09,3417000,278000,8.1,2003
1106,10,818000,60000,7.3,2003
1108,12,16880000,2148000,12.7,2003
1109,13,8559000,1014000,11.9,2003
1110,15,1250000,117000,9.3,2003
1111,16,1356000,138000,10.2,2003
1112,17,12620000,1592000,12.6,2003
1113,18,6130000,610000,9.9,2003
1114,19,2916000,260000,8.9,2003
1115,20,2676000,288000,10.8,2003
1116,21,4100000,589000,14.4,2003
1117,22,4422000,750000,17,2003
1118,23,1279000,149000,11.6,2003
1119,24,5485000,472000,8.6,2003
1120,25,6357000,652000,10.3,2003
1121,26,9893000,1125000,11.4,2003
1122,27,5075000,376000,7.4,2003
1123,28,2851000,456000,16,2003
1124,29,5606000,602000,10.7,2003
1125,30,915000,139000,15.1,2003
1126,31,1725000,168000,9.8,2003
1127,32,2242000,244000,10.9,2003
1128,33,1263000,73000,5.8,2003
1129,34,8574000,741000,8.6,2003
1130,35,1867000,338000,18.1,2003
1131,36,18920000,2707000,14.3,2003
1132,37,8223000,1289000,15.7,2003
1133,38,631000,61000,9.7,2003
1134,39,11230000,1226000,10.9,2003
1135,40,3430000,440000,12.8,2003
1136,41,3560000,446000,12.5,2003
1137,42,12140000,1279000,10.5,2003
1138,44,1051000,121000,11.5,2003
1139,45,4060000,516000,12.7,2003
1140,46,749000,95000,12.7,2003
1141,47,5901000,829000,14,2003
1142,48,21830000,3705000,17,2003
1143,49,2346000,213000,9.1,2003
1144,50,610000,52000,8.5,2003
1145,51,7367000,740000,10,2003
1146,53,6078000,766000,12.6,2003
1147,54,1785000,310000,17.4,2003
1148,55,5412000,528000,9.8,2003
1149,56,487000,48000,9.8,2003
1150,02,632000,56000,8.8,2002
1151,04,5424000,735000,13.5,2002
1152,05,2690000,532000,19.8,2002
1153,06,35070000,4605000,13.1,2002
1154,08,4470000,436000,9.8,2002
1155,09,3377000,279000,8.3,2002
1156,10,796000,73000,9.1,2002
1158,12,16390000,2058000,12.6,2002
1159,13,8413000,939000,11.2,2002
1160,15,1219000,138000,11.3,2002
1161,16,1296000,147000,11.3,2002
1162,17,12500000,1594000,12.8,2002
1163,18,6086000,552000,9.1,2002
1164,19,2899000,267000,9.2,2002
1165,20,2681000,269000,10.1,2002
1166,21,4033000,571000,14.2,2002
1167,22,4445000,777000,17.5,2002
1168,23,1265000,170000,13.4,2002
1169,24,5419000,400000,7.4,2002
1170,25,6469000,648000,10,2002
1171,26,9897000,1152000,11.6,2002
1172,27,5044000,325000,6.5,2002
1173,28,2785000,513000,18.4,2002
1174,29,5581000,551000,9.9,2002
1175,30,902000,122000,13.5,2002
1176,31,1700000,181000,10.6,2002
1177,32,2114000,188000,8.9,2002
1178,33,1264000,73000,5.8,2002
1179,34,8585000,681000,7.9,2002
1180,35,1837000,328000,17.9,2002
1181,36,19220000,2690000,14,2002
1182,37,8146000,1165000,14.3,2002
1183,38,632000,73000,11.6,2002
1184,39,11250000,1099000,9.8,2002
1185,40,3473000,489000,14.1,2002
1186,41,3503000,380000,10.9,2002
1187,42,12170000,1152000,9.5,2002
1188,44,1055000,116000,11,2002
1189,45,3989000,568000,14.3,2002
1190,46,743000,85000,11.5,2002
1191,47,5655000,839000,14.8,2002
1192,48,21480000,3362000,15.6,2002
1193,49,2308000,228000,9.9,2002
1194,50,616000,61000,9.9,2002
1195,51,7108000,702000,9.9,2002
1196,53,5988000,657000,11,2002
1197,54,1747000,293000,16.8,2002
1198,55,5463000,467000,8.6,2002
1199,56,488000,44000,9,2002
1200,02,632000,54000,8.5,2001
1201,04,5314000,778000,14.6,2001
1202,05,2650000,472000,17.8,2001
1203,06,34390000,4321000,12.6,2001
1204,08,4402000,383000,8.7,2001
1205,09,3385000,249000,7.3,2001
1206,10,790000,53000,6.7,2001
1208,12,16320000,2077000,12.7,2001
1209,13,8261000,1069000,12.9,2001
1210,15,1205000,138000,11.4,2001
1211,16,1314000,151000,11.5,2001
1212,17,12310000,1249000,10.1,2001
1213,18,6030000,511000,8.5,2001
1214,19,2858000,212000,7.4,2001
1215,20,2635000,267000,10.1,2001
1216,21,3989000,503000,12.6,2001
1217,22,4372000,709000,16.2,2001
1218,23,1277000,132000,10.3,2001
1219,24,5318000,385000,7.2,2001
1220,25,6302000,561000,8.9,2001
1221,26,9880000,927000,9.4,2001
1222,27,4910000,361000,7.4,2001
1223,28,2794000,539000,19.3,2001
1224,29,5513000,537000,9.7,2001
1225,30,891000,119000,13.3,2001
1226,31,1680000,158000,9.4,2001
1227,32,2129000,152000,7.1,2001
1228,33,1254000,81000,6.5,2001
1229,34,8456000,683000,8.1,2001
1230,35,1795000,323000,18,2001
1231,36,18780000,2664000,14.2,2001
1232,37,8084000,1013000,12.5,2001
1233,38,620000,86000,13.8,2001
1234,39,11180000,1174000,10.5,2001
1235,40,3372000,508000,15.1,2001
1236,41,3446000,408000,11.8,2001
1237,42,12090000,1158000,9.6,2001
1238,44,1043000,100000,9.6,2001
1239,45,3995000,603000,15.1,2001
1240,46,737000,62000,8.4,2001
1241,47,5670000,802000,14.1,2001
1242,48,21030000,3129000,14.9,2001
1243,49,2257000,238000,10.5,2001
1244,50,605000,59000,9.7,2001
1245,51,7080000,564000,8,2001
1246,53,5920000,634000,10.7,2001
1247,54,1769000,291000,16.4,2001
1248,55,5323000,423000,7.9,2001
1249,56,487000,42000,8.7,2001
1250,02,620000,47000,7.6,2000
1251,04,5181000,607000,11.7,2000
1252,05,2650000,436000,16.5,2000
1253,06,33890000,4294000,12.7,2000
1254,08,4334000,425000,9.8,2000
1255,09,3365000,258000,7.7,2000
1256,10,777000,65000,8.4,2000
1258,12,15990000,1754000,11,2000
1259,13,8112000,982000,12.1,2000
1260,15,1195000,106000,8.9,2000
1261,16,1289000,162000,12.5,2000
1262,17,12270000,1307000,10.7,2000
1263,18,6007000,513000,8.5,2000
1264,19,2858000,237000,8.3,2000
1265,20,2649000,213000,8,2000
1266,21,3995000,502000,12.6,2000
1267,22,4354000,750000,17.2,2000
1268,23,1267000,128000,10.1,2000
1269,24,5241000,386000,7.4,2000
1270,25,6284000,618000,9.8,2000
1271,26,9813000,967000,9.9,2000
1272,27,4890000,276000,5.7,2000
1273,28,2794000,418000,14.9,2000
1274,29,5517000,505000,9.2,2000
1275,30,888000,126000,14.1,2000
1276,31,1679000,145000,8.6,2000
1277,32,2045000,180000,8.8,2000
1278,33,1231000,56000,4.5,2000
1279,34,8384000,612000,7.3,2000
1280,35,1790000,312000,17.5,2000
1281,36,18750000,2604000,13.9,2000
1282,37,7983000,1000000,12.5,2000
1283,38,622000,65000,10.4,2000
1284,39,11160000,1117000,10,2000
1285,40,3378000,503000,14.9,2000
1286,41,3415000,371000,10.9,2000
1287,42,12040000,1033000,8.6,2000
1288,44,1035000,106000,10.2,2000
1289,45,3964000,441000,11.1,2000
1290,46,737000,79000,10.7,2000
1291,47,5630000,759000,13.5,2000
1292,48,20700000,3204000,15.5,2000
1293,49,2239000,170000,7.6,2000
1294,50,599000,60000,10,2000
1295,51,6977000,577000,8.3,2000
1296,53,5863000,634000,10.8,2000
1297,54,1773000,261000,14.7,2000
1298,55,5308000,493000,9.3,2000
1299,56,485000,52000,10.8,2000
1300,02,630000,48000,7.6,1999
1301,04,5057000,616000,12.2,1999
1302,05,2616000,384000,14.7,1999
1303,06,33710000,4733000,14,1999
1304,08,4319000,366000,8.5,1999
1305,09,3418000,246000,7.2,1999
1306,10,768000,80000,10.4,1999
1308,12,15570000,1937000,12.4,1999
1309,13,7877000,1011000,12.8,1999
1310,15,1225000,133000,10.8,1999
1311,16,1240000,175000,14.1,1999
1312,17,12250000,1215000,9.9,1999
1313,18,5914000,396000,6.7,1999
1314,19,2856000,210000,7.4,1999
1315,20,2605000,320000,12.3,1999
1316,21,3859000,467000,12.1,1999
1317,22,4289000,823000,19.2,1999
1318,23,1260000,134000,10.6,1999
1319,24,5049000,367000,7.3,1999
1320,25,6262000,738000,11.8,1999
1321,26,10050000,978000,9.7,1999
1322,27,4868000,354000,7.3,1999
1323,28,2755000,446000,16.2,1999
1324,29,5511000,647000,11.7,1999
1325,30,891000,141000,15.8,1999
1326,31,1683000,184000,11,1999
1327,32,2033000,229000,11.3,1999
1328,33,1255000,96000,7.6,1999
1329,34,8232000,646000,7.8,1999
1330,35,1831000,383000,20.9,1999
1331,36,18860000,2676000,14.2,1999
1332,37,7766000,1069000,13.8,1999
1333,38,621000,81000,13.1,1999
1334,39,11220000,1343000,12,1999
1335,40,3300000,424000,12.8,1999
1336,41,3421000,432000,12.6,1999
1337,42,11950000,1117000,9.3,1999
1338,44,1033000,103000,10,1999
1339,45,3800000,445000,11.7,1999
1340,46,709000,55000,7.7,1999
1341,47,5583000,662000,11.9,1999
1342,48,20170000,3072000,15.2,1999
1343,49,2194000,126000,5.7,1999
1344,50,599000,58000,9.6,1999
1345,51,6831000,537000,7.9,1999
1346,53,5698000,545000,9.6,1999
1347,54,1734000,272000,15.7,1999
1348,55,5429000,466000,8.6,1999
1349,56,484000,56000,11.6,1999
1350,02,641000,60000,9.4,1998
1351,04,4887000,812000,16.6,1998
1352,05,2559000,377000,14.7,1998
1353,06,33290000,5118000,15.4,1998
1354,08,3966000,363000,9.2,1998
1355,09,3275000,310000,9.5,1998
1356,10,781000,80000,10.3,1998
1358,12,14630000,1923000,13.1,1998
1359,13,7634000,1034000,13.5,1998
1360,15,1201000,131000,10.9,1998
1361,16,1273000,165000,13,1998
1362,17,12260000,1234000,10.1,1998
1363,18,5830000,547000,9.4,1998
1364,19,2834000,257000,9.1,1998
1365,20,2615000,250000,9.6,1998
1366,21,3860000,521000,13.5,1998
1367,22,4305000,821000,19.1,1998
1368,23,1263000,131000,10.4,1998
1369,24,5014000,359000,7.2,1998
1370,25,6100000,528000,8.7,1998
1371,26,10010000,1097000,11,1998
1372,27,4815000,498000,10.3,1998
1373,28,2758000,486000,17.6,1998
1374,29,5399000,531000,9.8,1998
1375,30,922000,153000,16.6,1998
1376,31,1713000,211000,12.3,1998
1377,32,1845000,195000,10.6,1998
1378,33,1216000,119000,9.8,1998
1379,34,8072000,693000,8.6,1998
1380,35,1823000,371000,20.4,1998
1381,36,18370000,3068000,16.7,1998
1382,37,7412000,1039000,14,1998
1383,38,644000,97000,15.1,1998
1384,39,11200000,1253000,11.2,1998
1385,40,3251000,458000,14.1,1998
1386,41,3352000,503000,15,1998
1387,42,11890000,1338000,11.3,1998
1388,44,965000,112000,11.6,1998
1389,45,3851000,527000,13.7,1998
1390,46,710000,77000,10.8,1998
1391,47,5569000,749000,13.4,1998
1392,48,19890000,2994000,15.1,1998
1393,49,2106000,190000,9,1998
1394,50,592000,58000,9.9,1998
1395,51,6679000,589000,8.8,1998
1396,53,5729000,512000,8.9,1998
1397,54,1748000,312000,17.8,1998
1398,55,5127000,449000,8.8,1998
1399,56,484000,51000,10.6,1998
1400,02,640000,56000,8.8,1997
1401,04,4643000,797000,17.2,1997
1402,05,2621000,515000,19.7,1997
1403,06,32880000,5459000,16.6,1997
1404,08,3921000,320000,8.2,1997
1405,09,3296000,282000,8.6,1997
1406,10,749000,72000,9.6,1997
1408,12,14350000,2056000,14.3,1997
1409,13,7631000,1109000,14.5,1997
1410,15,1182000,164000,13.9,1997
1411,16,1251000,183000,14.7,1997
1412,17,12070000,1349000,11.2,1997
1413,18,5849000,515000,8.8,1997
1414,19,2820000,270000,9.6,1997
1415,20,2583000,250000,9.7,1997
1416,21,3913000,623000,15.9,1997
1417,22,4241000,691000,16.3,1997
1418,23,1222000,124000,10.1,1997
1419,24,5043000,422000,8.4,1997
1420,25,5991000,732000,12.2,1997
1421,26,9783000,1006000,10.3,1997
1422,27,4748000,457000,9.6,1997
1423,28,2731000,455000,16.7,1997
1424,29,5315000,627000,11.8,1997
1425,30,892000,139000,15.6,1997
1426,31,1658000,163000,9.8,1997
1427,32,1723000,190000,11,1997
1428,33,1197000,109000,9.1,1997
1429,34,7967000,737000,9.3,1997
1430,35,1823000,387000,21.2,1997
1431,36,18100000,2979000,16.5,1997
1432,37,7345000,839000,11.4,1997
1433,38,638000,87000,13.6,1997
1434,39,11210000,1231000,11,1997
1435,40,3321000,456000,13.7,1997
1436,41,3284000,382000,11.6,1997
1437,42,11900000,1337000,11.2,1997
1438,44,943000,120000,12.7,1997
1439,45,3813000,500000,13.1,1997
1440,46,708000,117000,16.5,1997
1441,47,5536000,791000,14.3,1997
1442,48,19690000,3297000,16.7,1997
1443,49,2085000,185000,8.9,1997
1444,50,580000,54000,9.3,1997
1445,51,6747000,858000,12.7,1997
1446,53,5735000,529000,9.2,1997
1447,54,1742000,286000,16.4,1997
1448,55,5120000,422000,8.2,1997
1449,56,490000,66000,13.5,1997
1450,02,657000,54000,8.2,1996
1451,04,4786000,980000,20.5,1996
1452,05,2606000,449000,17.2,1996
1453,06,32310000,5472000,16.9,1996
1454,08,3869000,412000,10.6,1996
1455,09,3341000,392000,11.7,1996
1456,10,732000,63000,8.6,1996
1458,12,14340000,2037000,14.2,1996
1459,13,7390000,1097000,14.8,1996
1460,15,1172000,142000,12.1,1996
1461,16,1185000,140000,11.9,1996
1462,17,11810000,1429000,12.1,1996
1463,18,5681000,428000,7.5,1996
1464,19,2898000,279000,9.6,1996
1465,20,2569000,287000,11.2,1996
1466,21,3877000,658000,17,1996
1467,22,4263000,873000,20.5,1996
1468,23,1203000,135000,11.2,1996
1469,24,5085000,522000,10.3,1996
1470,25,6150000,622000,10.1,1996
1471,26,9572000,1068000,11.2,1996
1472,27,4690000,458000,9.8,1996
1473,28,2797000,575000,20.6,1996
1474,29,5268000,500000,9.5,1996
1475,30,908000,155000,17,1996
1476,31,1666000,169000,10.2,1996
1477,32,1634000,133000,8.1,1996
1478,33,1142000,73000,6.4,1996
1479,34,7858000,726000,9.2,1996
1480,35,1847000,472000,25.5,1996
1481,36,18350000,3058000,16.7,1996
1482,37,7254000,885000,12.2,1996
1483,38,628000,69000,11,1996
1484,39,11250000,1424000,12.7,1996
1485,40,3344000,556000,16.6,1996
1486,41,3234000,382000,11.8,1996
1487,42,11890000,1374000,11.6,1996
1488,44,940000,104000,11,1996
1489,45,3698000,482000,13,1996
1490,46,701000,82000,11.8,1996
1491,47,5528000,878000,15.9,1996
1492,48,19180000,3180000,16.6,1996
1493,49,1998000,153000,7.7,1996
1494,50,586000,74000,12.6,1996
1495,51,6481000,795000,12.3,1996
1496,53,5620000,666000,11.9,1996
1497,54,1745000,323000,18.5,1996
1498,55,5205000,460000,8.8,1996
1499,56,486000,58000,11.9,1996
1500,02,630000,45000,7.1,1995
1501,04,4337000,700000,16.1,1995
1502,05,2532000,376000,14.9,1995
1503,06,32060000,5342000,16.7,1995
1504,08,3793000,335000,8.8,1995
1505,09,3276000,318000,9.7,1995
1506,10,713000,74000,10.3,1995
1508,12,14310000,2321000,16.2,1995
1509,13,7262000,878000,12.1,1995
1510,15,1187000,122000,10.3,1995
1511,16,1154000,167000,14.5,1995
1512,17,11760000,1459000,12.4,1995
1513,18,5673000,545000,9.6,1995
1514,19,2894000,352000,12.2,1995
1515,20,2535000,273000,10.8,1995
1516,21,3876000,572000,14.7,1995
1517,22,4306000,849000,19.7,1995
1518,23,1225000,138000,11.2,1995
1519,24,5133000,520000,10.1,1995
1520,25,6065000,665000,11,1995
1521,26,9637000,1174000,12.2,1995
1522,27,4628000,427000,9.2,1995
1523,28,2685000,630000,23.5,1995
1524,29,5140000,484000,9.4,1995
1525,30,870000,133000,15.3,1995
1526,31,1648000,159000,9.6,1995
1527,32,1558000,173000,11.1,1995
1528,33,1139000,60000,5.3,1995
1529,34,7879000,617000,7.8,1995
1530,35,1806000,457000,25.3,1995
1531,36,18260000,3020000,16.5,1995
1532,37,6935000,877000,12.6,1995
1533,38,635000,76000,12,1995
1534,39,11210000,1285000,11.5,1995
1535,40,3204000,548000,17.1,1995
1536,41,3208000,360000,11.2,1995
1537,42,12030000,1464000,12.2,1995
1538,44,962000,102000,10.6,1995
1539,45,3741000,744000,19.9,1995
1540,46,713000,103000,14.5,1995
1541,47,5462000,846000,15.5,1995
1542,48,18760000,3270000,17.4,1995
1543,49,1999000,168000,8.4,1995
1544,50,593000,61000,10.3,1995
1545,51,6371000,648000,10.2,1995
1546,53,5424000,677000,12.5,1995
1547,54,1793000,300000,16.7,1995
1548,55,5300000,449000,8.5,1995
1549,56,482000,59000,12.2,1995
1550,02,592000,61000,10.2,1994
1551,04,4223000,673000,15.9,1994
1552,05,2414000,369000,15.3,1994
1553,06,31670000,5658000,17.9,1994
1554,08,3736000,335000,9,1994
1555,09,3192000,344000,10.8,1994
1556,10,681000,57000,8.3,1994
1558,12,14260000,2128000,14.9,1994
1559,13,7220000,1012000,14,1994
1560,15,1106000,97000,8.7,1994
1561,16,1138000,137000,12,1994
1562,17,11810000,1464000,12.4,1994
1563,18,5967000,816000,13.7,1994
1564,19,2815000,302000,10.7,1994
1565,20,2522000,375000,14.9,1994
1566,21,3843000,710000,18.5,1994
1567,22,4351000,1117000,25.7,1994
1568,23,1201000,113000,9.4,1994
1569,24,5045000,541000,10.7,1994
1570,25,6005000,585000,9.7,1994
1571,26,9519000,1347000,14.1,1994
1572,27,4486000,523000,11.7,1994
1573,28,2587000,515000,19.9,1994
1574,29,5107000,797000,15.6,1994
1575,30,844000,97000,11.5,1994
1576,31,1648000,146000,8.8,1994
1577,32,1521000,168000,11.1,1994
1578,33,1131000,87000,7.7,1994
1579,34,7920000,730000,9.2,1994
1580,35,1685000,356000,21.1,1994
1581,36,18210000,3097000,17,1994
1582,37,6895000,980000,14.2,1994
1583,38,627000,65000,10.4,1994
1584,39,11140000,1571000,14.1,1994
1585,40,3232000,540000,16.7,1994
1586,41,3152000,373000,11.8,1994
1587,42,11970000,1496000,12.5,1994
1588,44,968000,99000,10.3,1994
1589,45,3633000,501000,13.8,1994
1590,46,737000,107000,14.5,1994
1591,47,5338000,779000,14.6,1994
1592,48,18890000,3603000,19.1,1994
1593,49,1926000,154000,8,1994
1594,50,589000,45000,7.6,1994
1595,51,6616000,710000,10.7,1994
1596,53,5259000,614000,11.7,1994
1597,54,1804000,336000,18.6,1994
1598,55,5003000,453000,9,1994
1599,56,485000,45000,9.3,1994
1600,02,570000,52000,9.1,1993
1601,04,4003000,615000,15.4,1993
1602,05,2421000,484000,20,1993
1603,06,31970000,5803000,18.2,1993
1604,08,3564000,354000,9.9,1993
1605,09,3259000,277000,8.5,1993
1606,10,711000,73000,10.2,1993
1608,12,14120000,2507000,17.8,1993
1609,13,6825000,919000,13.5,1993
1610,15,1135000,91000,8,1993
1611,16,1145000,150000,13.1,1993
1612,17,11730000,1600000,13.6,1993
1613,18,5751000,704000,12.2,1993
1614,19,2809000,290000,10.3,1993
1615,20,2496000,327000,13.1,1993
1616,21,3740000,763000,20.4,1993
1617,22,4246000,1119000,26.4,1993
1618,23,1276000,196000,15.4,1993
1619,24,4925000,479000,9.7,1993
1620,25,5991000,641000,10.7,1993
1621,26,9560000,1475000,15.4,1993
1622,27,4354000,506000,11.6,1993
1623,28,2584000,639000,24.7,1993
1624,29,5185000,832000,16.1,1993
1625,30,850000,127000,14.9,1993
1626,31,1641000,169000,10.3,1993
1627,32,1444000,141000,9.8,1993
1628,33,1131000,112000,9.9,1993
1629,34,7968000,866000,10.9,1993
1630,35,1623000,282000,17.4,1993
1631,36,18220000,2981000,16.4,1993
1632,37,6732000,966000,14.4,1993
1633,38,625000,70000,11.2,1993
1634,39,11260000,1461000,13,1993
1635,40,3326000,662000,19.9,1993
1636,41,3077000,363000,11.8,1993
1637,42,12070000,1598000,13.2,1993
1638,44,969000,108000,11.2,1993
1639,45,3630000,678000,18.7,1993
1640,46,717000,102000,14.2,1993
1641,47,5092000,998000,19.6,1993
1642,48,18270000,3177000,17.4,1993
1643,49,1906000,203000,10.7,1993
1644,50,588000,59000,10,1993
1645,51,6470000,627000,9.7,1993
1646,53,5224000,634000,12.1,1993
1647,54,1803000,400000,22.2,1993
1648,55,5033000,636000,12.6,1993
1649,56,481000,64000,13.3,1993
1650,02,572000,58000,10.2,1992
1651,04,3851000,607000,15.8,1992
1652,05,2463000,430000,17.5,1992
1653,06,31700000,5197000,16.4,1992
1654,08,3478000,376000,10.8,1992
1655,09,3272000,321000,9.8,1992
1656,10,709000,55000,7.8,1992
1658,12,13710000,2139000,15.6,1992
1659,13,6664000,1177000,17.7,1992
1660,15,1187000,133000,11.2,1992
1661,16,1095000,166000,15.2,1992
1662,17,11890000,1857000,15.6,1992
1663,18,5622000,661000,11.8,1992
1664,19,2846000,328000,11.5,1992
1665,20,2510000,279000,11.1,1992
1666,21,3720000,731000,19.7,1992
1667,22,4256000,1043000,24.5,1992
1668,23,1239000,167000,13.5,1992
1669,24,4946000,583000,11.8,1992
1670,25,5843000,600000,10.3,1992
1671,26,9322000,1271000,13.6,1992
1672,27,4318000,561000,13,1992
1673,28,2725000,671000,24.6,1992
1674,29,5062000,795000,15.7,1992
1675,30,855000,118000,13.8,1992
1676,31,1606000,169000,10.6,1992
1677,32,1353000,199000,14.7,1992
1678,33,1114000,97000,8.7,1992
1679,34,7803000,803000,10.3,1992
1680,35,1611000,348000,21.6,1992
1681,36,17980000,2820000,15.7,1992
1682,37,6813000,1080000,15.8,1992
1683,38,616000,74000,12.1,1992
1684,39,11180000,1398000,12.5,1992
1685,40,3269000,607000,18.6,1992
1686,41,3039000,346000,11.4,1992
1687,42,12020000,1425000,11.9,1992
1688,44,960000,119000,12.4,1992
1689,45,3675000,697000,19,1992
1690,46,705000,106000,15.1,1992
1691,47,5036000,858000,17,1992
1692,48,17920000,3282000,18.3,1992
1693,49,1830000,172000,9.4,1992
1694,50,582000,61000,10.5,1992
1695,51,6241000,592000,9.5,1992
1696,53,5138000,574000,11.2,1992
1697,54,1795000,401000,22.3,1992
1698,55,5118000,560000,10.9,1992
1699,56,475000,49000,10.3,1992
1700,02,525000,62000,11.8,1991
1701,04,3603000,532000,14.8,1991
1702,05,2450000,425000,17.3,1991
1703,06,30740000,4825000,15.7,1991
1704,08,3319000,347000,10.4,1991
1705,09,3341000,287000,8.6,1991
1706,10,709000,53000,7.5,1991
1708,12,13410000,2069000,15.4,1991
1709,13,6265000,1077000,17.2,1991
1710,15,1164000,90000,7.7,1991
1711,16,1035000,144000,13.9,1991
1712,17,11800000,1598000,13.5,1991
1713,18,5533000,866000,15.7,1991
1714,19,2821000,271000,9.6,1991
1715,20,2580000,317000,12.3,1991
1716,21,3640000,683000,18.8,1991
1717,22,4185000,795000,19,1991
1718,23,1213000,171000,14.1,1991
1719,24,4767000,432000,9.1,1991
1720,25,5803000,637000,11,1991
1721,26,9263000,1308000,14.1,1991
1722,27,4384000,564000,12.9,1991
1723,28,2681000,635000,23.7,1991
1724,29,4993000,740000,14.8,1991
1725,30,822000,127000,15.4,1991
1726,31,1661000,157000,9.5,1991
1727,32,1237000,141000,11.4,1991
1728,33,1107000,81000,7.3,1991
1729,34,7736000,754000,9.7,1991
1730,35,1554000,349000,22.4,1991
1731,36,17910000,2736000,15.3,1991
1732,37,6641000,964000,14.5,1991
1733,38,635000,92000,14.5,1991
1734,39,11060000,1488000,13.4,1991
1735,40,3173000,541000,17,1991
1736,41,2967000,401000,13.5,1991
1737,42,12150000,1340000,11,1991
1738,44,949000,99000,10.4,1991
1739,45,3538000,582000,16.4,1991
1740,46,689000,96000,14,1991
1741,47,4787000,744000,15.5,1991
1742,48,16960000,2965000,17.5,1991
1743,49,1717000,222000,12.9,1991
1744,50,579000,73000,12.6,1991
1745,51,6144000,608000,9.9,1991
1746,53,4989000,474000,9.5,1991
1747,54,1830000,327000,17.9,1991
1748,55,4952000,492000,9.9,1991
1749,56,470000,47000,9.9,1991
1750,02,499000,57000,11.4,1990
1751,04,3521000,484000,13.7,1990
1752,05,2411000,472000,19.6,1990
1753,06,29770000,4128000,13.9,1990
1754,08,3367000,461000,13.7,1990
1755,09,3265000,196000,6,1990
1756,10,690000,48000,6.9,1990
1758,12,13180000,1896000,14.4,1990
1759,13,6349000,1001000,15.8,1990
1760,15,1100000,121000,11,1990
1761,16,1048000,157000,14.9,1990
1762,17,11700000,1606000,13.7,1990
1763,18,5480000,714000,13,1990
1764,19,2784000,289000,10.4,1990
1765,20,2510000,259000,10.3,1990
1766,21,3620000,628000,17.3,1990
1767,22,4034000,952000,23.6,1990
1768,23,1231000,162000,13.1,1990
1769,24,4727000,468000,9.9,1990
1770,25,5832000,626000,10.7,1990
1771,26,9187000,1315000,14.3,1990
1772,27,4366000,524000,12,1990
1773,28,2663000,684000,25.7,1990
1774,29,5238000,700000,13.4,1990
1775,30,820000,134000,16.3,1990
1776,31,1617000,167000,10.3,1990
1777,32,1218000,119000,9.8,1990
1778,33,1085000,68000,6.3,1990
1779,34,7741000,711000,9.2,1990
1780,35,1524000,319000,20.9,1990
1781,36,18040000,2571000,14.3,1990
1782,37,6377000,829000,13,1990
1783,38,635000,87000,13.7,1990
1784,39,10890000,1256000,11.5,1990
1785,40,3091000,481000,15.6,1990
1786,41,2891000,267000,9.2,1990
1787,42,12100000,1328000,11,1990
1788,44,946000,71000,7.5,1990
1789,45,3391000,548000,16.2,1990
1790,46,696000,93000,13.3,1990
1791,47,4927000,833000,16.9,1990
1792,48,16870000,2684000,15.9,1990
1793,49,1739000,143000,8.2,1990
1794,50,564000,61000,10.9,1990
1795,51,6322000,705000,11.1,1990
1796,53,4880000,434000,8.9,1990
1797,54,1810000,328000,18.1,1990
1798,55,4815000,448000,9.3,1990
1799,56,463000,51000,11,1990
1800,02,488000,51000,10.5,1989
1801,04,3556000,502000,14.1,1989
1802,05,2419000,442000,18.3,1989
1803,06,29350000,3772000,12.9,1989
1804,08,3258000,393000,12.1,1989
1805,09,3136000,90000,2.9,1989
1806,10,676000,68000,10,1989
1808,12,12760000,1590000,12.5,1989
1809,13,6197000,929000,15,1989
1810,15,1086000,122000,11.3,1989
1811,16,1014000,126000,12.4,1989
1812,17,11560000,1470000,12.7,1989
1813,18,5453000,749000,13.7,1989
1814,19,2835000,291000,10.3,1989
1815,20,2434000,262000,10.8,1989
1816,21,3576000,576000,16.1,1989
1817,22,4080000,950000,23.3,1989
1818,23,1233000,128000,10.4,1989
1819,24,4567000,411000,9,1989
1820,25,5831000,513000,8.8,1989
1821,26,9297000,1228000,13.2,1989
1822,27,4268000,478000,11.2,1989
1823,28,2574000,566000,22,1989
1824,29,5193000,654000,12.6,1989
1825,30,816000,127000,15.6,1989
1826,31,1602000,204000,12.8,1989
1827,32,1127000,121000,10.8,1989
1828,33,1100000,84000,7.7,1989
1829,34,7623000,622000,8.2,1989
1830,35,1519000,297000,19.5,1989
1831,36,17940000,2254000,12.6,1989
1832,37,6301000,770000,12.2,1989
1833,38,642000,79000,12.2,1989
1834,39,10750000,1143000,10.6,1989
1835,40,3126000,460000,14.7,1989
1836,41,2915000,327000,11.2,1989
1837,42,12140000,1261000,10.4,1989
1838,44,963000,64000,6.7,1989
1839,45,3446000,585000,17,1989
1840,46,696000,92000,13.2,1989
1841,47,4833000,891000,18.4,1989
1842,48,16890000,2880000,17.1,1989
1843,49,1683000,138000,8.2,1989
1844,50,556000,44000,8,1989
1845,51,6159000,671000,10.9,1989
1846,53,4729000,455000,9.6,1989
1847,54,1799000,283000,15.7,1989
1848,55,4694000,393000,8.4,1989
1849,56,462000,50000,10.9,1989
1850,02,480000,53000,11,1988
1851,04,3491000,491000,14.1,1988
1852,05,2446000,527000,21.6,1988
1853,06,27860000,3687000,13.2,1988
1854,08,3237000,405000,12.5,1988
1855,09,3199000,128000,4,1988
1856,10,659000,57000,8.6,1988
1858,12,12500000,1704000,13.6,1988
1859,13,6230000,875000,14,1988
1860,15,1051000,117000,11.1,1988
1861,16,991000,124000,12.5,1988
1862,17,11340000,1436000,12.7,1988
1863,18,5530000,560000,10.1,1988
1864,19,2814000,263000,9.4,1988
1865,20,2399000,195000,8.1,1988
1866,21,3605000,634000,17.6,1988
1867,22,4249000,968000,22.8,1988
1868,23,1201000,159000,13.2,1988
1869,24,4650000,457000,9.8,1988
1870,25,5861000,497000,8.5,1988
1871,26,9223000,1112000,12.1,1988
1872,27,4421000,514000,11.6,1988
1873,28,2588000,704000,27.2,1988
1874,29,5201000,662000,12.7,1988
1875,30,795000,116000,14.6,1988
1876,31,1600000,164000,10.3,1988
1877,32,1084000,93000,8.6,1988
1878,33,1089000,73000,6.7,1988
1879,34,7628000,475000,6.2,1988
1880,35,1495000,343000,23,1988
1881,36,17640000,2369000,13.4,1988
1882,37,6312000,796000,12.6,1988
1883,38,654000,76000,11.6,1988
1884,39,10900000,1356000,12.4,1988
1885,40,3146000,543000,17.3,1988
1886,41,2727000,285000,10.4,1988
1887,42,12120000,1246000,10.3,1988
1888,44,1008000,99000,9.8,1988
1889,45,3405000,528000,15.5,1988
1890,46,707000,101000,14.2,1988
1891,47,4901000,883000,18,1988
1892,48,16690000,3006000,18,1988
1893,49,1662000,162000,9.8,1988
1894,50,532000,43000,8.1,1988
1895,51,5970000,647000,10.8,1988
1896,53,4625000,402000,8.7,1988
1897,54,1880000,337000,17.9,1988
1898,55,4696000,364000,7.8,1988
1899,56,454000,43000,9.6,1988
1900,02,499000,60000,12,1987
1901,04,3459000,444000,12.8,1987
1902,05,2468000,537000,21.8,1987
1903,06,27880000,3443000,12.3,1987
1904,08,3184000,398000,12.5,1987
1905,09,3127000,207000,6.6,1987
1906,10,637000,42000,6.6,1987
1908,12,12260000,1523000,12.4,1987
1909,13,6049000,883000,14.6,1987
1910,15,1086000,95000,8.8,1987
1911,16,991000,150000,15.1,1987
1912,17,11500000,1655000,14.4,1987
1913,18,5398000,597000,11.1,1987
1914,19,2892000,419000,14.5,1987
1915,20,2435000,225000,9.2,1987
1916,21,3666000,634000,17.3,1987
1917,22,4268000,1071000,25.1,1987
1918,23,1144000,134000,11.7,1987
1919,24,4558000,420000,9.2,1987
1920,25,5845000,477000,8.2,1987
1921,26,8973000,1095000,12.2,1987
1922,27,4294000,484000,11.3,1987
1923,28,2553000,637000,25,1987
1924,29,5100000,716000,14,1987
1925,30,798000,144000,18,1987
1926,31,1610000,191000,11.9,1987
1927,32,1026000,107000,10.4,1987
1928,33,1054000,51000,4.8,1987
1929,34,7503000,626000,8.3,1987
1930,35,1443000,280000,19.4,1987
1931,36,17470000,2506000,14.3,1987
1932,37,6183000,853000,13.8,1987
1933,38,655000,75000,11.4,1987
1934,39,10800000,1375000,12.7,1987
1935,40,3209000,547000,17,1987
1936,41,2709000,384000,14.2,1987
1937,42,11770000,1249000,10.6,1987
1938,44,974000,79000,8.1,1987
1939,45,3274000,512000,15.6,1987
1940,46,714000,109000,15.2,1987
1941,47,4679000,792000,16.9,1987
1942,48,16610000,2917000,17.6,1987
1943,49,1689000,173000,10.2,1987
1944,50,534000,50000,9.3,1987
1945,51,5871000,583000,9.9,1987
1946,53,4489000,450000,10,1987
1947,54,1889000,408000,21.6,1987
1948,55,4738000,428000,9,1987
1949,56,451000,49000,10.8,1987
1950,02,517000,59000,11.4,1986
1951,04,3386000,484000,14.3,1986
1952,05,2342000,499000,21.3,1986
1953,06,27080000,3453000,12.7,1986
1954,08,3157000,426000,13.5,1986
1955,09,3125000,186000,6,1986
1956,10,639000,79000,12.4,1986
1958,12,11780000,1342000,11.4,1986
1959,13,6023000,879000,14.6,1986
1960,15,1024000,109000,10.7,1986
1961,16,973000,180000,18.5,1986
1962,17,11450000,1517000,13.3,1986
1963,18,5312000,674000,12.7,1986
1964,19,2907000,376000,12.9,1986
1965,20,2433000,269000,11.1,1986
1966,21,3560000,630000,17.7,1986
1967,22,4338000,953000,22,1986
1968,23,1127000,115000,10.2,1986
1969,24,4504000,414000,9.2,1986
1970,25,5846000,538000,9.2,1986
1971,26,9112000,1267000,13.9,1986
1972,27,4131000,517000,12.5,1986
1973,28,2610000,695000,26.6,1986
1974,29,4998000,722000,14.4,1986
1975,30,823000,136000,16.5,1986
1976,31,1617000,220000,13.6,1986
1977,32,1010000,82000,8.1,1986
1978,33,1002000,37000,3.7,1986
1979,34,7624000,679000,8.9,1986
1980,35,1434000,306000,21.3,1986
1981,36,17590000,2322000,13.2,1986
1982,37,6178000,884000,14.3,1986
1983,38,651000,88000,13.5,1986
1984,39,10700000,1372000,12.8,1986
1985,40,3184000,469000,14.7,1986
1986,41,2702000,332000,12.3,1986
1987,42,11780000,1190000,10.1,1986
1988,44,953000,87000,9.1,1986
1989,45,3288000,569000,17.3,1986
1990,46,697000,118000,17,1986
1991,47,4650000,853000,18.3,1986
1992,48,16370000,2825000,17.3,1986
1993,49,1659000,209000,12.6,1986
1994,50,529000,58000,11,1986
1995,51,5624000,547000,9.7,1986
1996,53,4369000,563000,12.9,1986
1997,54,1927000,432000,22.4,1986
1998,55,4697000,501000,10.7,1986
1999,56,496000,73000,14.6,1986
2000,02,510000,45000,8.7,1985
2001,04,3227000,345000,10.7,1985
2002,05,2364000,541000,22.9,1985
2003,06,26460000,3596000,13.6,1985
2004,08,3176000,324000,10.2,1985
2005,09,3111000,237000,7.6,1985
2006,10,624000,71000,11.4,1985
2008,12,11540000,1551000,13.4,1985
2009,13,5867000,1037000,17.7,1985
2010,15,1018000,109000,10.7,1985
2011,16,996000,159000,16,1985
2012,17,11740000,1830000,15.6,1985
2013,18,5302000,639000,12,1985
2014,19,2815000,505000,17.9,1985
2015,20,2395000,331000,13.8,1985
2016,21,3650000,708000,19.4,1985
2017,22,4322000,781000,18.1,1985
2018,23,1129000,134000,11.9,1985
2019,24,4209000,364000,8.7,1985
2020,25,5899000,544000,9.2,1985
2021,26,9051000,1308000,14.5,1985
2022,27,4146000,523000,12.6,1985
2023,28,2564000,644000,25.1,1985
2024,29,5011000,689000,13.7,1985
2025,30,835000,134000,16,1985
2026,31,1589000,235000,14.8,1985
2027,32,968000,139000,14.4,1985
2028,33,988000,59000,6,1985
2029,34,7608000,631000,8.3,1985
2030,35,1447000,267000,18.5,1985
2031,36,17670000,2796000,15.8,1985
2032,37,6073000,863000,14.2,1985
2033,38,681000,108000,15.9,1985
2034,39,10630000,1359000,12.8,1985
2035,40,3280000,526000,16,1985
2036,41,2671000,317000,11.9,1985
2037,42,11550000,1217000,10.5,1985
2038,44,933000,84000,9,1985
2039,45,3219000,489000,15.2,1985
2040,46,689000,119000,17.3,1985
2041,47,4619000,837000,18.1,1985
2042,48,16230000,2582000,15.9,1985
2043,49,1652000,180000,10.9,1985
2044,50,524000,48000,9.2,1985
2045,51,5567000,558000,10,1985
2046,53,4371000,526000,12,1985
2047,54,1894000,423000,22.3,1985
2048,55,4693000,544000,11.6,1985
2049,56,506000,61000,12,1985
2050,02,507000,49000,9.6,1984
2051,04,3133000,569000,18.2,1984
2052,05,2364000,564000,23.9,1984
2053,06,25600000,3375000,13.2,1984
2054,08,3067000,274000,8.9,1984
2055,09,3152000,218000,6.9,1984
2056,10,611000,63000,10.3,1984
2058,12,11190000,1693000,15.1,1984
2059,13,5822000,981000,16.9,1984
2060,15,997000,92000,9.3,1984
2061,16,992000,171000,17.3,1984
2062,17,11650000,1753000,15,1984
2063,18,5419000,697000,12.9,1984
2064,19,2876000,419000,14.6,1984
2065,20,2420000,260000,10.7,1984
2066,21,3721000,709000,19.1,1984
2067,22,4304000,888000,20.6,1984
2068,23,1167000,152000,13,1984
2069,24,4106000,358000,8.7,1984
2070,25,5845000,519000,8.9,1984
2071,26,8962000,1495000,16.7,1984
2072,27,4164000,381000,9.1,1984
2073,28,2504000,628000,25.1,1984
2074,29,4958000,720000,14.5,1984
2075,30,836000,115000,13.8,1984
2076,31,1608000,213000,13.3,1984
2077,32,962000,101000,10.5,1984
2078,33,958000,68000,7.1,1984
2079,34,7511000,758000,10.1,1984
2080,35,1437000,280000,19.5,1984
2081,36,17560000,2806000,16,1984
2082,37,5900000,860000,14.6,1984
2083,38,683000,106000,15.4,1984
2084,39,10620000,1429000,13.5,1984
2085,40,3200000,426000,13.3,1984
2086,41,2593000,331000,12.8,1984
2087,42,11720000,1825000,15.6,1984
2088,44,946000,121000,12.8,1984
2089,45,3258000,561000,17.2,1984
2090,46,691000,100000,14.5,1984
2091,47,4603000,800000,17.4,1984
2092,48,15640000,2448000,15.7,1984
2093,49,1647000,183000,11.1,1984
2094,50,514000,65000,12.6,1984
2095,51,5563000,554000,10,1984
2096,53,4242000,479000,11.3,1984
2097,54,1922000,392000,20.4,1984
2098,55,4698000,730000,15.5,1984
2099,56,488000,53000,10.9,1984
2100,02,486000,61000,12.6,1983
2101,04,2875000,469000,16.3,1983
2102,05,2283000,492000,21.5,1983
2103,06,25170000,3755000,14.9,1983
2104,08,3083000,390000,12.6,1983
2105,09,3149000,276000,8.8,1983
2106,10,602000,52000,8.6,1983
2108,12,10850000,1595000,14.7,1983
2109,13,5581000,1050000,18.8,1983
2110,15,998000,129000,12.9,1983
2111,16,980000,174000,17.7,1983
2112,17,11350000,1617000,14.3,1983
2113,18,5382000,865000,16.1,1983
2114,19,2828000,473000,16.7,1983
2115,20,2369000,321000,13.6,1983
2116,21,3752000,670000,17.9,1983
2117,22,4360000,939000,21.5,1983
2118,23,1157000,144000,12.4,1983
2119,24,4112000,358000,8.7,1983
2120,25,5731000,443000,7.7,1983
2121,26,9056000,1518000,16.8,1983
2122,27,4138000,502000,12.1,1983
2123,28,2481000,669000,27,1983
2124,29,4837000,807000,16.7,1983
2125,30,810000,125000,15.4,1983
2126,31,1577000,240000,15.2,1983
2127,32,885000,86000,9.7,1983
2128,33,938000,76000,8.1,1983
2129,34,7451000,828000,11.1,1983
2130,35,1385000,340000,24.5,1983
2131,36,17580000,2817000,16,1983
2132,37,5890000,933000,15.8,1983
2133,38,685000,103000,15,1983
2134,39,10680000,1434000,13.4,1983
2135,40,3259000,553000,17,1983
2136,41,2597000,419000,16.1,1983
2137,42,11640000,1797000,15.4,1983
2138,44,971000,141000,14.5,1983
2139,45,3295000,687000,20.8,1983
2140,46,689000,127000,18.4,1983
2141,47,4663000,933000,20,1983
2142,48,15590000,2499000,16,1983
2143,49,1591000,214000,13.5,1983
2144,50,531000,83000,15.6,1983
2145,51,5448000,618000,11.3,1983
2146,53,4274000,460000,10.8,1983
2147,54,1898000,419000,22.1,1983
2148,55,4736000,504000,10.7,1983
2149,56,486000,61000,12.6,1983
2150,02,432000,46000,10.6,1982
2151,04,2765000,408000,14.8,1982
2152,05,2219000,527000,23.8,1982
2153,06,24610000,3475000,14.1,1982
2154,08,3064000,387000,12.6,1982
2155,09,3126000,254000,8.1,1982
2156,10,611000,70000,11.5,1982
2158,12,10510000,1601000,15.2,1982
2159,13,5472000,1074000,19.6,1982
2160,15,997000,132000,13.2,1982
2161,16,967000,151000,15.6,1982
2162,17,11280000,1512000,13.4,1982
2163,18,5415000,683000,12.6,1982
2164,19,2770000,371000,13.4,1982
2165,20,2365000,247000,10.4,1982
2166,21,3618000,587000,16.2,1982
2167,22,4299000,976000,22.7,1982
2168,23,1133000,156000,13.7,1982
2169,24,4190000,516000,12.3,1982
2170,25,5748000,590000,10.3,1982
2171,26,9117000,1481000,16.2,1982
2172,27,4120000,546000,13.3,1982
2173,28,2454000,562000,22.9,1982
2174,29,4798000,699000,14.6,1982
2175,30,793000,134000,17,1982
2176,31,1582000,216000,13.6,1982
2177,32,897000,70000,7.8,1982
2178,33,943000,97000,10.3,1982
2179,34,7367000,896000,12.2,1982
2180,35,1355000,303000,22.4,1982
2181,36,17660000,2607000,14.8,1982
2182,37,5928000,1201000,20.3,1982
2183,38,658000,85000,12.9,1982
2184,39,10710000,1366000,12.8,1982
2185,40,3111000,478000,15.4,1982
2186,41,2557000,354000,13.9,1982
2187,42,11620000,1572000,13.5,1982
2188,44,942000,125000,13.3,1982
2189,45,3301000,701000,21.2,1982
2190,46,677000,114000,16.8,1982
2191,47,4679000,1106000,23.6,1982
2192,48,15150000,2450000,16.2,1982
2193,49,1575000,229000,14.5,1982
2194,50,519000,67000,12.9,1982
2195,51,5329000,668000,12.5,1982
2196,53,4259000,549000,12.9,1982
2197,54,1951000,484000,24.8,1982
2198,55,4733000,452000,9.5,1982
2199,56,481000,58000,12,1982
2200,02,403000,36000,9,1981
2201,04,2751000,323000,11.7,1981
2202,05,2247000,541000,24.1,1981
2203,06,24110000,3216000,13.3,1981
2204,08,2958000,285000,9.6,1981
2205,09,3084000,254000,8.2,1981
2206,10,587000,72000,12.3,1981
2208,12,10280000,1704000,16.6,1981
2209,13,5415000,881000,16.3,1981
2210,15,953000,108000,11.3,1981
2211,16,962000,171000,17.7,1981
2212,17,11340000,1371000,12.1,1981
2213,18,5431000,685000,12.6,1981
2214,19,2815000,368000,13.1,1981
2215,20,2282000,267000,11.7,1981
2216,21,3668000,708000,19.3,1981
2217,22,4262000,938000,22,1981
2218,23,1116000,179000,16,1981
2219,24,4123000,442000,10.7,1981
2220,25,5804000,518000,8.9,1981
2221,26,9096000,1184000,13,1981
2222,27,4034000,438000,10.9,1981
2223,28,2408000,618000,25.7,1981
2224,29,4814000,634000,13.2,1981
2225,30,813000,107000,13.1,1981
2226,31,1579000,221000,14,1981
2227,32,884000,93000,10.5,1981
2228,33,929000,70000,7.6,1981
2229,34,7331000,736000,10,1981
2230,35,1303000,243000,18.6,1981
2231,36,17470000,2516000,14.4,1981
2232,37,5820000,1016000,17.5,1981
2233,38,626000,89000,14.2,1981
2234,39,10750000,1369000,12.7,1981
2235,40,2985000,413000,13.8,1981
2236,41,2693000,331000,12.3,1981
2237,42,11740000,1367000,11.6,1981
2238,44,936000,109000,11.7,1981
2239,45,3347000,615000,18.4,1981
2240,46,675000,132000,19.5,1981
2241,47,4502000,943000,20.9,1981
2242,48,14640000,2258000,15.4,1981
2243,49,1516000,185000,12.2,1981
2244,50,535000,66000,12.3,1981
2245,51,5257000,662000,12.6,1981
2246,53,4168000,471000,11.3,1981
2247,54,2003000,398000,19.9,1981
2248,55,4741000,384000,8.1,1981
2249,56,482000,43000,8.9,1981
2250,02,379000,36000,9.6,1980
2251,04,2774000,354000,12.8,1980
2252,05,2249000,484000,21.5,1980
2253,06,23750000,2619000,11,1980
2254,08,2869000,247000,8.6,1980
2255,09,3090000,255000,8.3,1980
2256,10,578000,68000,11.8,1980
2258,12,10100000,1692000,16.7,1980
2259,13,5243000,727000,13.9,1980
2260,15,954000,81000,8.5,1980
2261,16,934000,138000,14.7,1980
2262,17,11260000,1386000,12.3,1980
2263,18,5490000,645000,11.8,1980
2264,19,2868000,311000,10.8,1980
2265,20,2286000,215000,9.4,1980
2266,21,3641000,701000,19.3,1980
2267,22,4273000,868000,20.3,1980
2268,23,1077000,158000,14.6,1980
2269,24,4104000,389000,9.5,1980
2270,25,5725000,542000,9.5,1980
2271,26,9227000,1194000,12.9,1980
2272,27,3920000,342000,8.7,1980
2273,28,2429000,591000,24.3,1980
2274,29,4800000,625000,13,1980
2275,30,774000,102000,13.2,1980
2276,31,1532000,199000,13,1980
2277,32,840000,70000,8.3,1980
2278,33,907000,63000,7,1980
2279,34,7316000,659000,9,1980
2280,35,1304000,268000,20.6,1980
2281,36,17320000,2391000,13.8,1980
2282,37,5836000,877000,15,1980
2283,38,640000,99000,15.5,1980
2284,39,10630000,1046000,9.8,1980
2285,40,2916000,406000,13.9,1980
2286,41,2684000,309000,11.5,1980
2287,42,11670000,1142000,9.8,1980
2288,44,911000,97000,10.7,1980
2289,45,3174000,534000,16.8,1980
2290,46,677000,127000,18.8,1980
2291,47,4519000,884000,19.6,1980
2292,48,14330000,2247000,15.7,1980
2293,49,1488000,148000,10,1980
2294,50,520000,62000,12,1980
2295,51,5204000,647000,12.4,1980
2296,53,4223000,538000,12.7,1980
2297,54,1952000,297000,15.2,1980
2298,55,4724000,403000,8.5,1980
2299,56,468000,49000,10.4,1980
