,STATEFIPS,YEAR,TANF apps / Ind in poverty,Child Poverty Rate,biden_2020_margin
0,01,2000,,0.21,
1,01,2001,,0.23,
2,01,2002,,0.24,
3,01,2003,,0.24,
4,01,2004,,0.23,
5,01,2005,,0.25,
6,01,2006,,0.23,
7,01,2007,,0.24,
8,01,2008,,0.22,
9,01,2009,,0.25,
10,01,2010,,0.28,
11,01,2011,,0.28,
12,01,2012,,0.27,
13,01,2013,,0.27,
14,01,2014,,0.28,
15,01,2015,,0.27,
16,01,2016,,0.25,
17,01,2017,,0.25,
18,01,2018,,0.24,
19,01,2019,,0.21,
20,01,2020,,,-0.255
21,01,2021,,0.22,
22,01,2022,,0.22,
23,01,2023,,0.21,
24,02,2000,,0.13,
25,02,2001,,0.09,
26,02,2002,,0.1,
27,02,2003,,0.14,
28,02,2004,,0.11,
29,02,2005,0.014636363636363637,0.15,
30,02,2006,0.013948275862068966,0.15,
31,02,2007,0.015235294117647059,0.11,
32,02,2008,0.013872727272727273,0.11,
33,02,2009,0.00980246913580247,0.13,
34,02,2010,0.00925191570881226,0.13,
35,02,2011,0.010891566265060241,0.15,
36,02,2012,0.014354761904761905,0.14,
37,02,2013,0.013991293532338307,0.12,
38,02,2014,0.0100630081300813,0.16,
39,02,2015,0.010874358974358974,0.15,
40,02,2016,0.007669475655430712,0.14,
41,02,2017,0.008204022988505748,0.15,
42,02,2018,0.0073404255319148935,0.14,
43,02,2019,0.009583333333333333,0.13,
44,02,2020,0.006259649122807017,,-0.10099999999999999
45,02,2021,0.006614197530864198,0.12,
46,02,2022,,0.14,
47,02,2023,,0.12,
48,04,2000,,0.23,
49,04,2001,,0.19,
50,04,2002,,0.2,
51,04,2003,,0.21,
52,04,2004,,0.2,
53,04,2005,0.009428571428571429,0.2,
54,04,2006,0.009259423503325943,0.2,
55,04,2007,0.009573464912280701,0.2,
56,04,2008,0.004405290102389078,0.21,
57,04,2009,0.0038696596669080376,0.23,
58,04,2010,0.004470405629139073,0.24,
59,04,2011,0.004954713356973996,0.27,
60,04,2012,0.006157208994708995,0.27,
61,04,2013,0.006174906850100316,0.26,
62,04,2014,0.0041936952921693875,0.26,
63,04,2015,0.004613033448673588,0.25,
64,04,2016,0.004398465703971119,0.24,
65,04,2017,0.004579740623904661,0.21,
66,04,2018,0.004344007893792609,0.2,
67,04,2019,0.00556632183908046,0.19,
68,04,2020,0.005461685823754789,,0.003
69,04,2021,0.0033275488069414317,0.17,
70,04,2022,,0.16,
71,04,2023,,0.15,
72,05,2000,,0.25,
73,05,2001,,0.21,
74,05,2002,,0.22,
75,05,2003,,0.24,
76,05,2004,,0.26,
77,05,2005,0.007387434554973822,0.25,
78,05,2006,0.005160164271047228,0.24,
79,05,2007,0.006524547803617571,0.26,
80,05,2008,0.005877030162412993,0.25,
81,05,2009,0.005111524163568773,0.27,
82,05,2010,0.006503598484848485,0.28,
83,05,2011,0.005332262996941896,0.28,
84,05,2012,0.004483875570776256,0.29,
85,05,2013,0.006015822784810126,0.29,
86,05,2014,0.003962719298245614,0.26,
87,05,2015,0.003908771929824561,0.27,
88,05,2016,0.0035284854918612883,0.24,
89,05,2017,0.003485474006116208,0.22,
90,05,2018,0.0029888167388167387,0.25,
91,05,2019,0.0033515372168284787,0.22,
92,05,2020,0.004181746031746031,,-0.276
93,05,2021,0.0034480411686586988,0.22,
94,05,2022,,0.22,
95,05,2023,,0.21,
96,06,2000,,0.2,
97,06,2001,,0.18,
98,06,2002,,0.19,
99,06,2003,,0.19,
100,06,2004,,0.19,
101,06,2005,0.006947837150127227,0.19,
102,06,2006,0.007530381748362322,0.18,
103,06,2007,0.007751579864894312,0.17,
104,06,2008,0.007536115269461078,0.18,
105,06,2009,0.008147747428166017,0.2,
106,06,2010,0.00728566331851364,0.22,
107,06,2011,0.007095770361041143,0.23,
108,06,2012,0.007507716819063452,0.24,
109,06,2013,0.007354535974973931,0.23,
110,06,2014,0.00655091077661431,0.23,
111,06,2015,0.006659161918764933,0.21,
112,06,2016,0.00591934989267096,0.2,
113,06,2017,0.006273481823912587,0.18,
114,06,2018,0.0060898906518010295,0.17,
115,06,2019,0.0071364949748743715,0.16,
116,06,2020,0.00533373730378578,,0.292
117,06,2021,0.0044262369086312744,0.16,
118,06,2022,,0.15,
119,06,2023,,0.15,
120,08,2000,,0.1,
121,08,2001,,0.13,
122,08,2002,,0.12,
123,08,2003,,0.13,
124,08,2004,,0.15,
125,08,2005,0.001209433962264151,0.14,
126,08,2006,0.0023948497854077255,0.16,
127,08,2007,0.004755230125523012,0.16,
128,08,2008,0.0042033271719038815,0.15,
129,08,2009,0.004300163132137031,0.17,
130,08,2010,0.004410569105691057,0.17,
131,08,2011,0.004058623298033283,0.18,
132,08,2012,0.005453235454051115,0.18,
133,08,2013,0.00594581136496778,0.17,
134,08,2014,0.0054380988401412,0.15,
135,08,2015,0.005950433705080546,0.15,
136,08,2016,0.006747323340471092,0.13,
137,08,2017,0.006473415132924335,0.12,
138,08,2018,0.006650991682661548,0.12,
139,08,2019,0.006476947040498442,0.11,
140,08,2020,0.006314713064713065,,0.135
141,08,2021,0.007182417582417582,0.12,
142,08,2022,,0.11,
143,08,2023,,0.11,
144,09,2000,,0.11,
145,09,2001,,0.1,
146,09,2002,,0.1,
147,09,2003,,0.11,
148,09,2004,,0.1,
149,09,2005,0.005279141104294479,0.12,
150,09,2006,0.006138181818181818,0.11,
151,09,2007,0.005572815533980583,0.11,
152,09,2008,0.008431159420289856,0.12,
153,09,2009,0.008606164383561644,0.12,
154,09,2010,0.006617986798679868,0.13,
155,09,2011,0.005361189138576779,0.15,
156,09,2012,0.005025941230486685,0.15,
157,09,2013,0.004304292929292929,0.15,
158,09,2014,0.005561147186147186,0.15,
159,09,2015,0.005000257201646091,0.15,
160,09,2016,0.004033950617283951,0.13,
161,09,2017,0.003784924845269673,0.13,
162,09,2018,0.00515948275862069,0.14,
163,09,2019,0.006170103092783505,0.14,
164,09,2020,0.0037840909090909093,,0.201
165,09,2021,0.005339181286549708,0.13,
166,09,2022,,0.12,
167,09,2023,,0.13,
168,10,2000,,0.12,
169,10,2001,,0.14,
170,10,2002,,0.11,
171,10,2003,,0.12,
172,10,2004,,0.14,
173,10,2005,0.012038461538461538,0.14,
174,10,2006,0.0128625,0.16,
175,10,2007,0.0111375,0.15,
176,10,2008,0.008902439024390243,0.14,
177,10,2009,0.007807339449541284,0.16,
178,10,2010,0.00929051987767584,0.18,
179,10,2011,0.008554878048780488,0.17,
180,10,2012,0.008866391184573002,0.17,
181,10,2013,0.009300653594771242,0.18,
182,10,2014,0.0074360841423948216,0.18,
183,10,2015,0.006808962264150943,0.19,
184,10,2016,0.006093939393939395,0.17,
185,10,2017,0.008092156862745099,0.18,
186,10,2018,0.008634259259259258,0.19,
187,10,2019,0.009867724867724867,0.16,
188,10,2020,0.004263621794871795,,0.19
189,10,2021,0.00441951566951567,0.17,
190,10,2022,,0.13,
191,10,2023,,0.15,
192,12,2000,,0.19,
193,12,2001,,0.17,
194,12,2002,,0.19,
195,12,2003,,0.19,
196,12,2004,,0.18,
197,12,2005,0.011306835443037974,0.18,
198,12,2006,0.010949226305609284,0.17,
199,12,2007,0.010444,0.17,
200,12,2008,0.01189620253164557,0.18,
201,12,2009,0.01469357249626308,0.21,
202,12,2010,0.01321202040363717,0.23,
203,12,2011,0.012704937396645405,0.25,
204,12,2012,0.011220750740487583,0.25,
205,12,2013,0.010561126532500579,0.24,
206,12,2014,0.008568098720292504,0.24,
207,12,2015,0.012595783379444616,0.23,
208,12,2016,0.01653033721950608,0.21,
209,12,2017,0.01496626913492346,0.2,
210,12,2018,0.014706844721933173,0.2,
211,12,2019,0.01727080787508486,0.18,
212,12,2020,0.008653176827843962,,-0.034
213,12,2021,0.008289721915962268,0.18,
214,12,2022,,0.17,
215,12,2023,,0.16,
216,13,2000,,0.18,
217,13,2001,,0.16,
218,13,2002,,0.18,
219,13,2003,,0.19,
220,13,2004,,0.21,
221,13,2005,0.008610169491525424,0.2,
222,13,2006,0.007444539249146758,0.2,
223,13,2007,0.006117465224111283,0.2,
224,13,2008,0.005133378469871361,0.2,
225,13,2009,0.004547605633802817,0.22,
226,13,2010,0.003950339948548328,0.25,
227,13,2011,0.0034912133108992334,0.26,
228,13,2012,0.003353310502283105,0.27,
229,13,2013,0.0028225570776255707,0.27,
230,13,2014,0.0023018098647573587,0.26,
231,13,2015,0.0019106201127477723,0.24,
232,13,2016,0.0024873417721518985,0.23,
233,13,2017,0.002611463778939507,0.21,
234,13,2018,0.002224590869939707,0.2,
235,13,2019,0.0027571390445689883,0.19,
236,13,2020,0.0016190731474862998,,0.002
237,13,2021,0.0021180648769574943,0.2,
238,13,2022,,0.17,
239,13,2023,,0.18,
240,15,2000,,0.13,
241,15,2001,,0.14,
242,15,2002,,0.14,
243,15,2003,,0.15,
244,15,2004,,0.14,
245,15,2005,0.008936363636363636,0.13,
246,15,2006,0.00775,0.11,
247,15,2007,0.009553191489361701,0.1,
248,15,2008,0.006104,0.1,
249,15,2009,0.010333333333333333,0.14,
250,15,2010,0.009076131687242799,0.14,
251,15,2011,0.008628086419753087,0.17,
252,15,2012,0.0074255319148936174,0.17,
253,15,2013,0.009507042253521126,0.13,
254,15,2014,0.008946145124716552,0.15,
255,15,2015,0.007539183222958058,0.14,
256,15,2016,0.007665374677002584,0.1,
257,15,2017,0.006116331096196868,0.12,
258,15,2018,0.006489583333333333,0.12,
259,15,2019,0.007223188405797101,0.12,
260,15,2020,0.006603225806451613,,0.295
261,15,2021,0.005540598290598291,0.14,
262,15,2022,,0.13,
263,15,2023,,0.11,
264,16,2000,,0.14,
265,16,2001,,0.15,
266,16,2002,,0.16,
267,16,2003,,0.18,
268,16,2004,,0.2,
269,16,2005,0.01188111888111888,0.18,
270,16,2006,0.009872340425531916,0.15,
271,16,2007,0.0064563758389261745,0.16,
272,16,2008,0.004978378378378378,0.16,
273,16,2009,0.004090909090909091,0.18,
274,16,2010,0.002984741784037559,0.19,
275,16,2011,0.002579301075268817,0.2,
276,16,2012,0.0026572052401746724,0.21,
277,16,2013,0.00302875,0.19,
278,16,2014,0.002634422110552764,0.19,
279,16,2015,0.002093545751633987,0.18,
280,16,2016,0.0021550802139037434,0.18,
281,16,2017,0.001995812395309883,0.15,
282,16,2018,0.0022289603960396038,0.14,
283,16,2019,0.003545275590551181,0.13,
284,16,2020,0.0024436274509803922,,-0.308
285,16,2021,0.001645951035781544,0.13,
286,16,2022,,0.13,
287,16,2023,,0.11,
288,17,2000,,0.15,
289,17,2001,,0.15,
290,17,2002,,0.16,
291,17,2003,,0.16,
292,17,2004,,0.17,
293,17,2005,0.0017300485773768216,0.16,
294,17,2006,0.0012780269058295965,0.17,
295,17,2007,0.0009484944532488115,0.17,
296,17,2008,0.0011304347826086956,0.17,
297,17,2009,0.0013857988165680473,0.19,
298,17,2010,0.0016891453466814981,0.19,
299,17,2011,0.002421601180593986,0.22,
300,17,2012,0.003605669568822554,0.21,
301,17,2013,0.00025227713178294575,0.21,
302,17,2014,0.00017525626423690204,0.2,
303,17,2015,8.568840579710144e-05,0.19,
304,17,2016,0.0001105251593056471,0.18,
305,17,2017,7.261577258138469e-05,0.17,
306,17,2018,0.00021336429308565534,0.16,
307,17,2019,0.00023764367816091957,0.16,
308,17,2020,0.0002840759075907591,,0.17
309,17,2021,0.0002192556634304207,0.16,
310,17,2022,,0.16,
311,17,2023,,0.15,
312,18,2000,,0.14,
313,18,2001,,0.13,
314,18,2002,,0.15,
315,18,2003,,0.14,
316,18,2004,,0.15,
317,18,2005,0.012351421188630491,0.17,
318,18,2006,0.015004451038575667,0.18,
319,18,2007,0.015683783783783784,0.17,
320,18,2008,0.011973362930077691,0.18,
321,18,2009,0.014773216031280548,0.2,
322,18,2010,0.014768331732308678,0.22,
323,18,2011,0.014773677114930906,0.23,
324,18,2012,0.015972251037344398,0.22,
325,18,2013,0.006467297630040012,0.22,
326,18,2014,0.005492088607594937,0.22,
327,18,2015,0.005016382575757576,0.21,
328,18,2016,0.005622721354166666,0.2,
329,18,2017,0.00514096675415573,0.18,
330,18,2018,0.005110490582566798,0.18,
331,18,2019,0.005744583948793698,0.15,
332,18,2020,0.005732548533663776,,-0.161
333,18,2021,0.0069791666666666665,0.16,
334,18,2022,,0.16,
335,18,2023,,0.15,
336,19,2000,,0.13,
337,19,2001,,0.13,
338,19,2002,,0.14,
339,19,2003,,0.12,
340,19,2004,,0.12,
341,19,2005,0.003214067278287462,0.14,
342,19,2006,0.0035182724252491695,0.14,
343,19,2007,0.004329545454545455,0.14,
344,19,2008,0.0038140350877192983,0.14,
345,19,2009,0.0038495297805642634,0.16,
346,19,2010,0.003821118349619978,0.16,
347,19,2011,0.004687037037037037,0.17,
348,19,2012,0.004871236559139785,0.16,
349,19,2013,0.0035911522633744856,0.16,
350,19,2014,0.003967928496319663,0.15,
351,19,2015,0.0035501038421599167,0.15,
352,19,2016,0.0035714679911699777,0.15,
353,19,2017,0.004106159420289855,0.12,
354,19,2018,0.0030126353790613718,0.14,
355,19,2019,0.0028003355704697987,0.13,
356,19,2020,0.0021129310344827584,,-0.08199999999999999
357,19,2021,0.0015277777777777776,0.13,
358,19,2022,,0.12,
359,19,2023,,0.14,
360,20,2000,,0.12,
361,20,2001,,0.13,
362,20,2002,,0.16,
363,20,2003,,0.14,
364,20,2004,,0.12,
365,20,2005,0.009465875370919882,0.15,
366,20,2006,0.009194842406876791,0.16,
367,20,2007,0.01012539184952978,0.15,
368,20,2008,0.009872832369942196,0.15,
369,20,2009,0.010729946524064171,0.18,
370,20,2010,0.010385,0.18,
371,20,2011,0.009676616915422886,0.19,
372,20,2012,0.0083392107472712,0.19,
373,20,2013,0.009626190476190476,0.19,
374,20,2014,0.008257729468599033,0.18,
375,20,2015,0.006211839933993399,0.17,
376,20,2016,0.007235721703011422,0.14,
377,20,2017,0.004656326034063261,0.15,
378,20,2018,0.006539308176100629,0.15,
379,20,2019,0.005211779448621554,0.15,
380,20,2020,0.004781523096129838,,-0.147
381,20,2021,0.00512378640776699,0.13,
382,20,2022,,0.14,
383,20,2023,,0.13,
384,21,2000,,0.22,
385,21,2001,,0.19,
386,21,2002,,0.21,
387,21,2003,,0.24,
388,21,2004,,0.25,
389,21,2005,0.00833889816360601,0.22,
390,21,2006,0.006591304347826087,0.23,
391,21,2007,0.006447166921898928,0.24,
392,21,2008,0.005685082872928177,0.23,
393,21,2009,0.005869325997248968,0.26,
394,21,2010,0.005890694076038904,0.26,
395,21,2011,0.006751572327044025,0.27,
396,21,2012,0.005661189862542955,0.27,
397,21,2013,0.004429532458795829,0.25,
398,21,2014,0.004892276422764227,0.26,
399,21,2015,0.004408636897767332,0.26,
400,21,2016,0.003511494252873563,0.25,
401,21,2017,0.0029101804850535816,0.22,
402,21,2018,0.007598539272030651,0.23,
403,21,2019,0.008829020589872009,0.22,
404,21,2020,0.002045759527643586,,-0.259
405,21,2021,0.0020006896551724137,0.22,
406,21,2022,,0.21,
407,21,2023,,0.21,
408,22,2000,,0.27,
409,22,2001,,0.27,
410,22,2002,,0.27,
411,22,2003,,0.3,
412,22,2004,,0.3,
413,22,2005,0.0022981283422459893,0.28,
414,22,2006,0.0016451612903225807,0.28,
415,22,2007,0.0016790490341753344,0.27,
416,22,2008,0.0013197969543147208,0.25,
417,22,2009,0.0016572327044025157,0.24,
418,22,2010,0.0012390235335440814,0.27,
419,22,2011,0.0012497360084477297,0.29,
420,22,2012,0.001005031779661017,0.28,
421,22,2013,0.0007802872966424368,0.28,
422,22,2014,0.0006288528757546869,0.28,
423,22,2015,0.0007088212334113974,0.28,
424,22,2016,0.0006336222462983026,0.29,
425,22,2017,0.0006736484067311134,0.28,
426,22,2018,0.0007444638694638695,0.26,
427,22,2019,0.000782781862745098,0.27,
428,22,2020,0.0014176136363636363,,-0.18600000000000003
429,22,2021,0.0019282128514056225,0.27,
430,22,2022,,0.25,
431,22,2023,,0.25,
432,23,2000,,0.12,
433,23,2001,,0.11,
434,23,2002,,0.16,
435,23,2003,,0.13,
436,23,2004,,0.17,
437,23,2005,0.0017108433734939759,0.17,
438,23,2006,0.020298507462686566,0.18,
439,23,2007,0.06899295774647887,0.15,
440,23,2008,0.061759493670886075,0.16,
441,23,2009,0.06941216216216216,0.17,
442,23,2010,0.008801321138211382,0.18,
443,23,2011,0.007715823970037453,0.19,
444,23,2012,0.00782549019607843,0.21,
445,23,2013,0.007844370860927152,0.18,
446,23,2014,0.00590219298245614,0.19,
447,23,2015,0.005825757575757576,0.17,
448,23,2016,0.0052954091816367265,0.17,
449,23,2017,0.005176891615541922,0.13,
450,23,2018,0.005151960784313726,0.14,
451,23,2019,0.005630357142857143,0.14,
452,23,2020,0.009114678899082568,,0.091
453,23,2021,0.006439024390243902,0.15,
454,23,2022,,0.12,
455,23,2023,,0.13,
456,24,2000,,0.13,
457,24,2001,,0.11,
458,24,2002,,0.11,
459,24,2003,,0.1,
460,24,2004,,0.11,
461,24,2005,0.009092250922509225,0.11,
462,24,2006,0.01006183368869936,0.1,
463,24,2007,0.009193482688391038,0.1,
464,24,2008,0.009449064449064449,0.1,
465,24,2009,0.010220994475138122,0.12,
466,24,2010,0.0101395966029724,0.13,
467,24,2011,0.012272191185599007,0.14,
468,24,2012,0.011506695156695158,0.14,
469,24,2013,0.010843365436062066,0.14,
470,24,2014,0.011095747716894977,0.13,
471,24,2015,0.01067550058892815,0.13,
472,24,2016,0.01320872641509434,0.13,
473,24,2017,0.011703621581670362,0.12,
474,24,2018,0.010469270833333334,0.12,
475,24,2019,0.011852004716981132,0.12,
476,24,2020,0.008741066198008202,,0.332
477,24,2021,0.00992910447761194,0.14,
478,24,2022,,0.12,
479,24,2023,,0.11,
480,25,2000,,0.14,
481,25,2001,,0.12,
482,25,2002,,0.12,
483,25,2003,,0.12,
484,25,2004,,0.13,
485,25,2005,0.009124804992199687,0.14,
486,25,2006,0.007059366754617415,0.12,
487,25,2007,0.005497878359264498,0.13,
488,25,2008,0.005359009628610729,0.12,
489,25,2009,0.005232914923291493,0.13,
490,25,2010,0.005092709798406001,0.14,
491,25,2011,0.005421027131782946,0.15,
492,25,2012,0.005938088829071333,0.15,
493,25,2013,0.006530256723716381,0.16,
494,25,2014,0.006377679231337768,0.15,
495,25,2015,0.007473572037510656,0.15,
496,25,2016,0.00807190549563431,0.14,
497,25,2017,0.006460790738313673,0.14,
498,25,2018,0.007836106489184692,0.12,
499,25,2019,0.009039347408829175,0.12,
500,25,2020,0.008238054607508533,,0.335
501,25,2021,0.009207535121328225,0.13,
502,25,2022,,0.12,
503,25,2023,,0.13,
504,26,2000,,0.14,
505,26,2001,,0.15,
506,26,2002,,0.16,
507,26,2003,,0.16,
508,26,2004,,0.18,
509,26,2005,0.010942307692307692,0.19,
510,26,2006,0.010139077853363567,0.18,
511,26,2007,0.011926579925650558,0.19,
512,26,2008,0.010014925373134328,0.19,
513,26,2009,0.003882994186046512,0.23,
514,26,2010,0.011908932461873639,0.23,
515,26,2011,0.01258712905452036,0.25,
516,26,2012,0.01398779113448535,0.25,
517,26,2013,0.014612764291307753,0.24,
518,26,2014,0.010591142270861833,0.23,
519,26,2015,0.01045724119671697,0.22,
520,26,2016,0.010652535899786129,0.21,
521,26,2017,0.00942863436123348,0.2,
522,26,2018,0.01074203667953668,0.19,
523,26,2019,0.011051390268123138,0.18,
524,26,2020,0.014124175659472422,,0.027999999999999997
525,26,2021,0.01059306887532694,0.18,
526,26,2022,,0.18,
527,26,2023,,0.18,
528,27,2000,,0.09,
529,27,2001,,0.11,
530,27,2002,,0.12,
531,27,2003,,0.09,
532,27,2004,,0.11,
533,27,2005,0.012745145631067961,0.12,
534,27,2006,0.012767772511848342,0.12,
535,27,2007,0.011278008298755186,0.12,
536,27,2008,0.010717391304347826,0.11,
537,27,2009,0.009940972222222223,0.14,
538,27,2010,0.009940053285968028,0.15,
539,27,2011,0.010298611111111113,0.15,
540,27,2012,0.010042290886392009,0.15,
541,27,2013,0.009224957555178269,0.14,
542,27,2014,0.01163944817300522,0.15,
543,27,2015,0.011628504672897196,0.13,
544,27,2016,0.01012872340425532,0.13,
545,27,2017,0.009570459290187891,0.12,
546,27,2018,0.009445358187134502,0.12,
547,27,2019,0.01337603519668737,0.11,
548,27,2020,0.006804446778711485,,0.071
549,27,2021,0.009366928446771379,0.11,
550,27,2022,,0.11,
551,27,2023,,0.1,
552,28,2000,,0.26,
553,28,2001,,0.26,
554,28,2002,,0.29,
555,28,2003,,0.29,
556,28,2004,,0.31,
557,28,2005,0.00481260945709282,0.31,
558,28,2006,0.004041946308724832,0.3,
559,28,2007,0.0031267175572519085,0.29,
560,28,2008,0.00420952380952381,0.3,
561,28,2009,0.0036671732522796353,0.31,
562,28,2010,0.0031809777102330297,0.33,
563,28,2011,0.0028573529411764706,0.32,
564,28,2012,0.002123427672955975,0.35,
565,28,2013,0.002270156438026474,0.34,
566,28,2014,0.0017677115188583078,0.29,
567,28,2015,0.0018468028419182949,0.31,
568,28,2016,0.0015095123258306537,0.3,
569,28,2017,0.002214001225490196,0.27,
570,28,2018,0.002551734273956496,0.28,
571,28,2019,0.0025836309523809523,0.28,
572,28,2020,0.002512919896640827,,-0.165
573,28,2021,0.0027521409749670617,0.28,
574,28,2022,,0.26,
575,28,2023,,0.23,
576,29,2000,,0.16,
577,29,2001,,0.16,
578,29,2002,,0.17,
579,29,2003,,0.16,
580,29,2004,,0.16,
581,29,2005,0.008389984825493172,0.19,
582,29,2006,0.008095599393019726,0.19,
583,29,2007,0.0059703504043126686,0.18,
584,29,2008,0.00611025641025641,0.19,
585,29,2009,0.005854211663066954,0.21,
586,29,2010,0.005430524344569289,0.21,
587,29,2011,0.004616483516483517,0.22,
588,29,2012,0.004286187845303867,0.23,
589,29,2013,0.0034946365674031377,0.22,
590,29,2014,0.004951747311827957,0.21,
591,29,2015,0.004490406643757159,0.2,
592,29,2016,0.0029887357830271216,0.19,
593,29,2017,0.003576866764275256,0.19,
594,29,2018,0.003519910514541387,0.18,
595,29,2019,0.004616784037558686,0.17,
596,29,2020,0.004225785677485832,,-0.154
597,29,2021,0.003394654088050315,0.16,
598,29,2022,,0.17,
599,29,2023,,0.14,
600,30,2000,,0.17,
601,30,2001,,0.2,
602,30,2002,,0.2,
603,30,2003,,0.18,
604,30,2004,,0.19,
605,30,2005,0.006453125,0.2,
606,30,2006,0.00604,0.17,
607,30,2007,0.006754098360655738,0.18,
608,30,2008,0.00616,0.21,
609,30,2009,0.006465648854961832,0.21,
610,30,2010,0.005471244131455399,0.2,
611,30,2011,0.004414110429447853,0.2,
612,30,2012,0.004840174129353234,0.2,
613,30,2013,0.007914239482200647,0.21,
614,30,2014,0.007122589531680441,0.19,
615,30,2015,0.006951101928374656,0.19,
616,30,2016,0.007738292011019284,0.15,
617,30,2017,0.009496105919003116,0.15,
618,30,2018,0.008957165109034267,0.16,
619,30,2019,0.00939624183006536,0.15,
620,30,2020,0.006657485875706215,,-0.16399999999999998
621,30,2021,0.0056951388888888885,0.14,
622,30,2022,,0.13,
623,30,2023,,0.12,
624,31,2000,,0.1,
625,31,2001,,0.14,
626,31,2002,,0.14,
627,31,2003,,0.13,
628,31,2004,,0.13,
629,31,2005,0.02392814371257485,0.15,
630,31,2006,0.009005555555555555,0.14,
631,31,2007,0.0059425287356321835,0.15,
632,31,2008,0.007228723404255319,0.13,
633,31,2009,0.011017045454545455,0.15,
634,31,2010,0.013354619565217392,0.18,
635,31,2011,0.01407174688057041,0.18,
636,31,2012,0.011701696165191742,0.18,
637,31,2013,0.011584608843537415,0.18,
638,31,2014,0.009653092006033183,0.16,
639,31,2015,0.00922873263888889,0.17,
640,31,2016,0.009293296089385474,0.14,
641,31,2017,0.006794753086419753,0.14,
642,31,2018,0.006832914572864322,0.13,
643,31,2019,0.00824090909090909,0.11,
644,31,2020,0.006356481481481481,,-0.192
645,31,2021,0.00629559748427673,0.13,
646,31,2022,,0.14,
647,31,2023,,0.11,
648,32,2000,,0.13,
649,32,2001,,0.15,
650,32,2002,,0.17,
651,32,2003,,0.15,
652,32,2004,,0.19,
653,32,2005,0.00801923076923077,0.15,
654,32,2006,0.011029045643153526,0.14,
655,32,2007,0.012836,0.15,
656,32,2008,0.010611510791366907,0.15,
657,32,2009,0.011793002915451895,0.18,
658,32,2010,0.009185724962630792,0.22,
659,32,2011,0.009512278582930756,0.22,
660,32,2012,0.009306389530408006,0.24,
661,32,2013,0.011270781379883623,0.23,
662,32,2014,0.010656206415620642,0.22,
663,32,2015,0.013734950584007189,0.21,
664,32,2016,0.014695469798657717,0.19,
665,32,2017,0.010686011904761905,0.19,
666,32,2018,0.009754914529914529,0.18,
667,32,2019,0.011778379772961816,0.17,
668,32,2020,0.01291089108910891,,0.024
669,32,2021,0.013498950461796808,0.19,
670,32,2022,,0.16,
671,32,2023,,0.16,
672,33,2000,,0.06,
673,33,2001,,0.07,
674,33,2002,,0.08,
675,33,2003,,0.08,
676,33,2004,,0.1,
677,33,2005,0.01673972602739726,0.09,
678,33,2006,0.01728169014084507,0.1,
679,33,2007,0.015710526315789473,0.09,
680,33,2008,0.013021978021978022,0.09,
681,33,2009,0.013281553398058253,0.11,
682,33,2010,0.016284722222222225,0.1,
683,33,2011,0.012329124579124578,0.12,
684,33,2012,0.011308962264150943,0.16,
685,33,2013,0.015761737089201876,0.1,
686,33,2014,0.010433333333333333,0.13,
687,33,2015,0.014648049645390071,0.11,
688,33,2016,0.008384920634920636,0.08,
689,33,2017,0.0071771929824561405,0.1,
690,33,2018,0.008330284552845528,0.11,
691,33,2019,0.01394047619047619,0.07,
692,33,2020,0.006922413793103448,,0.07400000000000001
693,33,2021,0.006153645833333333,0.09,
694,33,2022,,0.07,
695,33,2023,,0.08,
696,34,2000,,0.1,
697,34,2001,,0.11,
698,34,2002,,0.11,
699,34,2003,,0.12,
700,34,2004,,0.12,
701,34,2005,0.006782094594594595,0.12,
702,34,2006,0.005061679790026247,0.12,
703,34,2007,0.005141509433962264,0.12,
704,34,2008,0.004940279542566709,0.13,
705,34,2009,0.004784119106699752,0.13,
706,34,2010,0.0038122843340234643,0.14,
707,34,2011,0.0036764507422402163,0.15,
708,34,2012,0.004196150696150696,0.15,
709,34,2013,0.005484998064266357,0.17,
710,34,2014,0.0037040144784468575,0.16,
711,34,2015,0.0034997509960159362,0.16,
712,34,2016,0.0037916666666666667,0.15,
713,34,2017,0.0030010253542132733,0.14,
714,34,2018,0.0032211494252873565,0.14,
715,34,2019,0.0042154031287605295,0.12,
716,34,2020,0.0021290322580645163,,0.159
717,34,2021,0.001502865329512894,0.14,
718,34,2022,,0.13,
719,34,2023,,0.13,
720,35,2000,,0.26,
721,35,2001,,0.24,
722,35,2002,,0.27,
723,35,2003,,0.26,
724,35,2004,,0.28,
725,35,2005,0.010902017291066282,0.26,
726,35,2006,0.010445121951219513,0.26,
727,35,2007,0.011881918819188191,0.25,
728,35,2008,0.008548556430446195,0.24,
729,35,2009,0.009496062992125985,0.25,
730,35,2010,0.010325940860215054,0.3,
731,35,2011,0.0083179970436068,0.31,
732,35,2012,0.008710912698412699,0.29,
733,35,2013,0.006224922118380063,0.31,
734,35,2014,0.006023193760262726,0.3,
735,35,2015,0.009543333333333334,0.29,
736,35,2016,0.012840430402930404,0.3,
737,35,2017,0.012655887230514097,0.27,
738,35,2018,0.014859161793372318,0.26,
739,35,2019,0.01613280423280423,0.25,
740,35,2020,0.015996355685131195,,0.10800000000000001
741,35,2021,0.011546198054818746,0.24,
742,35,2022,,0.23,
743,35,2023,,0.25,
744,36,2000,,0.19,
745,36,2001,,0.19,
746,36,2002,,0.19,
747,36,2003,,0.19,
748,36,2004,,0.21,
749,36,2005,0.006372463768115942,0.19,
750,36,2006,0.006449025487256372,0.2,
751,36,2007,0.00619550235763511,0.19,
752,36,2008,0.006679956108266277,0.19,
753,36,2009,0.006351225977468522,0.2,
754,36,2010,0.006383355105595471,0.21,
755,36,2011,0.006533603457590492,0.23,
756,36,2012,0.006108047876602564,0.23,
757,36,2013,0.005887423833782839,0.23,
758,36,2014,0.007413127646702965,0.23,
759,36,2015,0.006223008479636929,0.22,
760,36,2016,0.006975259291270527,0.21,
761,36,2017,0.006028917662682603,0.2,
762,36,2018,0.006863170163170163,0.19,
763,36,2019,0.006180310663308144,0.18,
764,36,2020,0.005103761348897536,,0.231
765,36,2021,0.004665911587040088,0.19,
766,36,2022,,0.19,
767,36,2023,,0.19,
768,37,2000,,0.19,
769,37,2001,,0.2,
770,37,2002,,0.21,
771,37,2003,,0.19,
772,37,2004,,0.22,
773,37,2005,0.004094170403587444,0.21,
774,37,2006,0.0034424489795918368,0.2,
775,37,2007,0.0027090653548840476,0.2,
776,37,2008,0.00298988326848249,0.2,
777,37,2009,0.0027741116751269037,0.23,
778,37,2010,0.002550724637681159,0.25,
779,37,2011,0.002620916152615947,0.26,
780,37,2012,0.0021097154963680385,0.26,
781,37,2013,0.002163495419309373,0.25,
782,37,2014,0.0009377234803337306,0.24,
783,37,2015,0.0015222553567483985,0.23,
784,37,2016,0.0020796649547566645,0.22,
785,37,2017,0.001570889172516486,0.21,
786,37,2018,0.0016694956949569494,0.2,
787,37,2019,0.0017085850956696878,0.2,
788,37,2020,0.0008967730742539902,,-0.013000000000000001
789,37,2021,0.0008217907659460903,0.18,
790,37,2022,,0.17,
791,37,2023,,0.18,
792,38,2000,,0.15,
793,38,2001,,0.15,
794,38,2002,,0.13,
795,38,2003,,0.14,
796,38,2004,,0.16,
797,38,2005,0.008085714285714286,0.13,
798,38,2006,0.006728571428571428,0.13,
799,38,2007,0.007035087719298246,0.13,
800,38,2008,0.005283783783783784,0.15,
801,38,2009,0.008246376811594203,0.13,
802,38,2010,0.006409552845528456,0.16,
803,38,2011,0.006960199004975124,0.15,
804,38,2012,0.005561181434599156,0.13,
805,38,2013,0.004603723404255319,0.12,
806,38,2014,0.005995305164319249,0.15,
807,38,2015,0.005303861788617886,0.12,
808,38,2016,0.005409638554216867,0.12,
809,38,2017,0.004478260869565217,0.11,
810,38,2018,0.005430555555555556,0.1,
811,38,2019,0.006409836065573771,0.1,
812,38,2020,0.004622427983539095,,-0.33399999999999996
813,38,2021,0.00592051282051282,0.1,
814,38,2022,,0.13,
815,38,2023,,0.09,
816,39,2000,,0.16,
817,39,2001,,0.16,
818,39,2002,,0.17,
819,39,2003,,0.18,
820,39,2004,,0.18,
821,39,2005,0.013604166666666667,0.19,
822,39,2006,0.013297592997811816,0.19,
823,39,2007,0.011955739972337483,0.19,
824,39,2008,0.011315992292870905,0.19,
825,39,2009,0.013349934469200525,0.22,
826,39,2010,0.011905880106911036,0.23,
827,39,2011,0.010117242388758782,0.24,
828,39,2012,0.008279364172853607,0.24,
829,39,2013,0.007109956452889944,0.23,
830,39,2014,0.006439127604166667,0.23,
831,39,2015,0.007158064516129032,0.21,
832,39,2016,0.006968902309811401,0.21,
833,39,2017,0.0067729321613702945,0.2,
834,39,2018,0.005955372405372405,0.2,
835,39,2019,0.005708625936329588,0.18,
836,39,2020,0.0057827841291190315,,-0.08
837,39,2021,0.005026942815249267,0.19,
838,39,2022,,0.18,
839,39,2023,,0.18,
840,40,2000,,0.19,
841,40,2001,,0.2,
842,40,2002,,0.22,
843,40,2003,,0.22,
844,40,2004,,0.21,
845,40,2005,0.006110497237569061,0.23,
846,40,2006,0.005455743879472693,0.24,
847,40,2007,0.0055924369747899156,0.22,
848,40,2008,0.004473140495867768,0.23,
849,40,2009,0.00625,0.22,
850,40,2010,0.005218076285240464,0.25,
851,40,2011,0.005126756066411238,0.23,
852,40,2012,0.0033624001996007988,0.24,
853,40,2013,0.0024650743099787686,0.24,
854,40,2014,0.002632405976300876,0.22,
855,40,2015,0.003028735632183908,0.22,
856,40,2016,0.002409515469935785,0.23,
857,40,2017,0.002167687074829932,0.21,
858,40,2018,0.001847007722007722,0.22,
859,40,2019,0.00226718009478673,0.2,
860,40,2020,0.002925358719646799,,-0.331
861,40,2021,0.002818477645727221,0.21,
862,40,2022,,0.2,
863,40,2023,,0.21,
864,41,2000,,0.18,
865,41,2001,,0.18,
866,41,2002,,0.17,
867,41,2003,,0.18,
868,41,2004,,0.19,
869,41,2005,0.005864678899082569,0.18,
870,41,2006,0.006132118451025057,0.17,
871,41,2007,0.006216216216216216,0.17,
872,41,2008,0.006640198511166253,0.18,
873,41,2009,0.0056745098039215685,0.19,
874,41,2010,0.005559279950341403,0.22,
875,41,2011,0.011936859553948161,0.24,
876,41,2012,0.0032582855321861056,0.23,
877,41,2013,0.003848770983213429,0.22,
878,41,2014,0.007455847953216374,0.22,
879,41,2015,0.008771617852161784,0.2,
880,41,2016,0.00687962962962963,0.17,
881,41,2017,0.00676313969571231,0.16,
882,41,2018,0.007543729372937294,0.16,
883,41,2019,0.009070436507936508,0.13,
884,41,2020,0.00652433247200689,,0.161
885,41,2021,0.044466795201371034,0.14,
886,41,2022,,0.14,
887,41,2023,,0.14,
888,42,2000,,0.15,
889,42,2001,,0.15,
890,42,2002,,0.15,
891,42,2003,,0.16,
892,42,2004,,0.17,
893,42,2005,0.01077332361516035,0.17,
894,42,2006,0.010445955619183966,0.17,
895,42,2007,0.011759622937941869,0.16,
896,42,2008,0.011629213483146068,0.17,
897,42,2009,0.011625,0.17,
898,42,2010,0.006751411509229099,0.19,
899,42,2011,0.005890170407315046,0.2,
900,42,2012,0.005019741837509491,0.2,
901,42,2013,0.005810812383612664,0.19,
902,42,2014,0.005237771452667088,0.19,
903,42,2015,0.004831549935149157,0.19,
904,42,2016,0.0051285816618911175,0.19,
905,42,2017,0.005195982034474387,0.17,
906,42,2018,0.004733683378500452,0.17,
907,42,2019,0.006398275335775336,0.17,
908,42,2020,0.003929795364891519,,0.012
909,42,2021,0.0031429270680372002,0.17,
910,42,2022,,0.15,
911,42,2023,,0.16,
912,44,2000,,0.16,
913,44,2001,,0.18,
914,44,2002,,0.15,
915,44,2003,,0.17,
916,44,2004,,0.21,
917,44,2005,0.004669291338582677,0.19,
918,44,2006,0.006272727272727273,0.15,
919,44,2007,0.007454545454545454,0.17,
920,44,2008,0.00581060606060606,0.15,
921,44,2009,0.004917910447761194,0.17,
922,44,2010,0.005299657534246575,0.19,
923,44,2011,0.005344724220623501,0.22,
924,44,2012,0.005260047281323877,0.19,
925,44,2013,0.00784201388888889,0.22,
926,44,2014,0.005498599439775911,0.2,
927,44,2015,0.004697831978319783,0.19,
928,44,2016,0.004407563025210084,0.17,
929,44,2017,0.006180084745762712,0.17,
930,44,2018,0.007302536231884058,0.18,
931,44,2019,0.006998263888888889,0.14,
932,44,2020,0.0060197132616487455,,0.20800000000000002
933,44,2021,0.0042802287581699345,0.15,
934,44,2022,,0.12,
935,44,2023,,0.13,
936,45,2000,,0.19,
937,45,2001,,0.2,
938,45,2002,,0.2,
939,45,2003,,0.19,
940,45,2004,,0.23,
941,45,2005,0.0059920127795527155,0.23,
942,45,2006,0.007776371308016877,0.22,
943,45,2007,0.006106969205834684,0.21,
944,45,2008,0.0069134615384615385,0.22,
945,45,2009,0.009093851132686084,0.24,
946,45,2010,0.008061017680034498,0.26,
947,45,2011,0.006854595728451564,0.28,
948,45,2012,0.006978498074454428,0.27,
949,45,2013,0.005983407079646018,0.27,
950,45,2014,0.006243231810490694,0.27,
951,45,2015,0.006894826744753539,0.24,
952,45,2016,0.006338526570048309,0.23,
953,45,2017,0.005152557319223986,0.23,
954,45,2018,0.005655503634475597,0.23,
955,45,2019,0.00468494623655914,0.2,
956,45,2020,0.004889619883040936,,-0.11699999999999999
957,45,2021,0.004532725572697523,0.2,
958,45,2022,,0.19,
959,45,2023,,0.19,
960,46,2000,,0.14,
961,46,2001,,0.14,
962,46,2002,,0.14,
963,46,2003,,0.14,
964,46,2004,,0.15,
965,46,2005,0.005422222222222222,0.18,
966,46,2006,0.006134146341463415,0.17,
967,46,2007,0.006648648648648649,0.17,
968,46,2008,0.004634615384615385,0.18,
969,46,2009,0.004513274336283186,0.19,
970,46,2010,0.004811162079510703,0.18,
971,46,2011,0.004498575498575499,0.18,
972,46,2012,0.004658018867924528,0.17,
973,46,2013,0.0041916666666666665,0.19,
974,46,2014,0.003974770642201835,0.18,
975,46,2015,0.003531779661016949,0.18,
976,46,2016,0.0032856182795698925,0.17,
977,46,2017,0.00393010752688172,0.17,
978,46,2018,0.004249074074074074,0.16,
979,46,2019,0.004202380952380952,0.15,
980,46,2020,0.0028284313725490196,,-0.262
981,46,2021,0.0035900900900900905,0.15,
982,46,2022,,0.15,
983,46,2023,,0.15,
984,47,2000,,0.2,
985,47,2001,,0.21,
986,47,2002,,0.2,
987,47,2003,,0.2,
988,47,2004,,0.21,
989,47,2005,0.018083715596330274,0.21,
990,47,2006,0.020714448236632536,0.23,
991,47,2007,0.018913907284768213,0.23,
992,47,2008,0.01489069264069264,0.22,
993,47,2009,0.011612027158098934,0.24,
994,47,2010,0.010891397338403042,0.26,
995,47,2011,0.010715533980582524,0.26,
996,47,2012,0.00843250977107761,0.26,
997,47,2013,0.0083269890260631,0.27,
998,47,2014,0.006701054664289958,0.26,
999,47,2015,0.0065509592326139085,0.24,
1000,47,2016,0.0054094973009446694,0.23,
1001,47,2017,0.0060404040404040404,0.21,
1002,47,2018,0.0052732291666666665,0.22,
1003,47,2019,0.004799298445202882,0.2,
1004,47,2020,0.0041397112573099415,,-0.23199999999999998
1005,47,2021,0.0038483108108108106,0.18,
1006,47,2022,,0.18,
1007,47,2023,,0.2,
1008,48,2000,,0.22,
1009,48,2001,,0.21,
1010,48,2002,,0.22,
1011,48,2003,,0.23,
1012,48,2004,,0.23,
1013,48,2005,0.008475414289595218,0.25,
1014,48,2006,0.007286163522012579,0.24,
1015,48,2007,0.007034588777863182,0.23,
1016,48,2008,0.007068335941575378,0.23,
1017,48,2009,0.0068169873298920694,0.24,
1018,48,2010,0.005860277717821426,0.26,
1019,48,2011,0.0033845708090324508,0.27,
1020,48,2012,0.005803536603660366,0.26,
1021,48,2013,0.006914537162671491,0.25,
1022,48,2014,0.006610372746715552,0.25,
1023,48,2015,0.00656456475057813,0.23,
1024,48,2016,0.006870343651626443,0.22,
1025,48,2017,0.006110363391655451,0.21,
1026,48,2018,0.005250684814244137,0.21,
1027,48,2019,0.006441766435622769,0.19,
1028,48,2020,0.006118909703393312,,-0.055999999999999994
1029,48,2021,0.006281179280864973,0.2,
1030,48,2022,,0.19,
1031,48,2023,,0.18,
1032,49,2000,,0.1,
1033,49,2001,,0.09,
1034,49,2002,,0.14,
1035,49,2003,,0.12,
1036,49,2004,,0.13,
1037,49,2005,0.00875,0.11,
1038,49,2006,0.008191489361702128,0.12,
1039,49,2007,0.007490196078431373,0.11,
1040,49,2008,0.010177033492822967,0.11,
1041,49,2009,0.010503703703703704,0.12,
1042,49,2010,0.01480335731414868,0.16,
1043,49,2011,0.011977615965480044,0.16,
1044,49,2012,0.00997809829059829,0.15,
1045,49,2013,0.0015746965452847804,0.15,
1046,49,2014,0.008272091722595078,0.13,
1047,49,2015,0.0072129629629629636,0.13,
1048,49,2016,0.007053661616161617,0.11,
1049,49,2017,0.006124080882352941,0.11,
1050,49,2018,0.007046042617960426,0.1,
1051,49,2019,0.006538488700564972,0.1,
1052,49,2020,0.006164944903581267,,-0.205
1053,49,2021,0.004938762626262626,0.08,
1054,49,2022,,0.08,
1055,49,2023,,0.09,
1056,50,2000,,0.13,
1057,50,2001,,0.15,
1058,50,2002,,0.1,
1059,50,2003,,0.12,
1060,50,2004,,0.12,
1061,50,2005,0.022914893617021277,0.15,
1062,50,2006,0.0216875,0.13,
1063,50,2007,0.017327868852459016,0.12,
1064,50,2008,0.021872727272727273,0.13,
1065,50,2009,0.024241379310344827,0.13,
1066,50,2010,0.020856965174129355,0.17,
1067,50,2011,0.02354225352112676,0.15,
1068,50,2012,0.02535024154589372,0.15,
1069,50,2013,0.04009689922480621,0.15,
1070,50,2014,0.029915204678362575,0.16,
1071,50,2015,0.024023076923076925,0.13,
1072,50,2016,0.024738888888888887,0.15,
1073,50,2017,0.02569182389937107,0.14,
1074,50,2018,0.0199,0.12,
1075,50,2019,0.022528301886792453,0.1,
1076,50,2020,0.018313636363636365,,0.354
1077,50,2021,0.0182677304964539,0.1,
1078,50,2022,,0.12,
1079,50,2023,,0.09,
1080,51,2000,,0.13,
1081,51,2001,,0.12,
1082,51,2002,,0.14,
1083,51,2003,,0.12,
1084,51,2004,,0.13,
1085,51,2005,0.00697953216374269,0.13,
1086,51,2006,0.006883256528417819,0.12,
1087,51,2007,0.006183734939759036,0.13,
1088,51,2008,0.00523279098873592,0.14,
1089,51,2009,0.0059265944645006015,0.14,
1090,51,2010,0.005667365269461078,0.14,
1091,51,2011,0.005044652701212789,0.15,
1092,51,2012,0.005479803921568627,0.15,
1093,51,2013,0.006619151138716356,0.16,
1094,51,2014,0.00602236737925574,0.16,
1095,51,2015,0.005509880686055182,0.15,
1096,51,2016,0.005077323286688195,0.14,
1097,51,2017,0.003099187935034803,0.14,
1098,51,2018,0.003638449045879009,0.14,
1099,51,2019,0.004053143374038897,0.13,
1100,51,2020,0.004541603821015586,,0.10099999999999999
1101,51,2021,0.003398816686722824,0.13,
1102,51,2022,,0.13,
1103,51,2023,,0.13,
1104,53,2000,,0.16,
1105,53,2001,,0.14,
1106,53,2002,,0.15,
1107,53,2003,,0.14,
1108,53,2004,,0.17,
1109,53,2005,0.016179245283018867,0.15,
1110,53,2006,0.01937250996015936,0.15,
1111,53,2007,0.01448714069591528,0.15,
1112,53,2008,0.013930882352941177,0.14,
1113,53,2009,0.015186939820742637,0.16,
1114,53,2010,0.015158536585365853,0.18,
1115,53,2011,0.013626463700234192,0.18,
1116,53,2012,0.013145100502512563,0.19,
1117,53,2013,0.011546650717703348,0.19,
1118,53,2014,0.010383900625978092,0.18,
1119,53,2015,0.009574786324786325,0.16,
1120,53,2016,0.009393854166666667,0.14,
1121,53,2017,0.008261316872427983,0.14,
1122,53,2018,0.009609994848016487,0.13,
1123,53,2019,0.011798228969006959,0.12,
1124,53,2020,0.0113996,,0.192
1125,53,2021,0.008551533219761499,0.12,
1126,53,2022,,0.11,
1127,53,2023,,0.12,
1128,54,2000,,0.26,
1129,54,2001,,0.23,
1130,54,2002,,0.25,
1131,54,2003,,0.25,
1132,54,2004,,0.24,
1133,54,2005,0.004503623188405797,0.26,
1134,54,2006,0.005191335740072202,0.25,
1135,54,2007,0.005830188679245283,0.23,
1136,54,2008,0.0047846153846153846,0.23,
1137,54,2009,0.004428070175438597,0.24,
1138,54,2010,0.00405255991285403,0.25,
1139,54,2011,0.004315513626834381,0.26,
1140,54,2012,0.003991417497231451,0.25,
1141,54,2013,0.0030737895716946,0.27,
1142,54,2014,0.0027883421985815606,0.25,
1143,54,2015,0.003335249042145594,0.25,
1144,54,2016,0.0026612985685071575,0.24,
1145,54,2017,0.002625544662309368,0.26,
1146,54,2018,0.0023652927120669056,0.25,
1147,54,2019,0.002726928374655647,0.2,
1148,54,2020,0.0019113119143239626,,-0.389
1149,54,2021,0.0014991554054054055,0.21,
1150,54,2022,,0.25,
1151,54,2023,,0.2,
1152,55,2000,,0.12,
1153,55,2001,,0.14,
1154,55,2002,,0.14,
1155,55,2003,,0.14,
1156,55,2004,,0.14,
1157,55,2005,0.00574502712477396,0.14,
1158,55,2006,0.004652252252252252,0.15,
1159,55,2007,0.003577371048252912,0.14,
1160,55,2008,0.003558823529411765,0.13,
1161,55,2009,0.0034757929883138562,0.17,
1162,55,2010,0.004774103468547912,0.19,
1163,55,2011,0.0037323912068192014,0.18,
1164,55,2012,0.004201302083333334,0.18,
1165,55,2013,0.003652336860670194,0.18,
1166,55,2014,0.004804007430997877,0.18,
1167,55,2015,0.003952599388379205,0.16,
1168,55,2016,0.0035725806451612904,0.16,
1169,55,2017,0.00380788330229671,0.14,
1170,55,2018,0.0037546760187040745,0.14,
1171,55,2019,0.0039114474599860815,0.14,
1172,55,2020,0.003038805436337625,,0.006
1173,55,2021,0.0022692075015124016,0.13,
1174,55,2022,,0.13,
1175,55,2023,,0.13,
1176,56,2000,,0.15,
1177,56,2001,,0.13,
1178,56,2002,,0.14,
1179,56,2003,,0.12,
1180,56,2004,,0.14,
1181,56,2005,0.001925925925925926,0.11,
1182,56,2006,0.0017450980392156863,0.12,
1183,56,2007,0.0015178571428571428,0.12,
1184,56,2008,0.0017222222222222222,0.12,
1185,56,2009,0.00222,0.13,
1186,56,2010,0.002361635220125786,0.14,
1187,56,2011,0.0018569444444444445,0.16,
1188,56,2012,0.0017723214285714287,0.17,
1189,56,2013,0.001579656862745098,0.13,
1190,56,2014,0.0020196969696969695,0.13,
1191,56,2015,0.0021979166666666666,0.13,
1192,56,2016,0.0028521505376344087,0.11,
1193,56,2017,0.0030901826484018265,0.13,
1194,56,2018,0.003981132075471698,0.14,
1195,56,2019,0.004057692307692307,0.12,
1196,56,2020,0.0032833333333333334,,-0.434
1197,56,2021,0.0033459119496855347,0.13,
1198,56,2022,,0.14,
1199,56,2023,,0.15,
